2013/11/15,3978.27002,3985.969971,3969.219971,3985.969971,1899150000
2013/11/18,3990.060059,3994.969971,3942.850098,3949.070068,1829870000
2013/11/19,3945.97998,3960.439941,3923.469971,3931.550049,1747840000
2013/11/20,3940.97998,3952.080078,3911.610107,3921.27002,1721160000
2013/11/21,3938.110107,3970.909912,3936.820068,3969.159912,1684250000
2013/11/22,3977.310059,3991.659912,3973,3991.649902,1730280000
2013/11/25,4004.370117,4007.090088,3987.159912,3994.570068,1795760000
2013/11/26,3996.699951,4026.98999,3989.48999,4017.75,1907680000
2013/11/27,4026.919922,4045.810059,4023.649902,4044.75,1477020000
2013/11/29,4057.159912,4069.699951,4055.449951,4059.889893,853500000
2013/12/2,4065.659912,4068.48999,4040.879883,4045.26001,1680380000
2013/12/3,4038.98999,4050.080078,4022.120117,4037.199951,1875010000
2013/12/4,4020.330078,4051.73999,4004.76001,4038,1886970000
2013/12/5,4037.98999,4043.709961,4025.26001,4033.169922,1880950000
2013/12/6,4069.860107,4069.860107,4042.350098,4062.52002,1727130000
2013/12/9,4073.75,4081.780029,4063.5,4068.75,1717120000
2013/12/10,4061.169922,4074.01001,4056.48999,4060.48999,1864860000
2013/12/11,4061.669922,4065.080078,3998.919922,4003.810059,1923520000
2013/12/12,4004.75,4013.540039,3993.570068,3998.399902,1893270000
2013/12/13,4015.530029,4017.449951,3992.290039,4000.97998,1615340000
2013/12/16,4019.370117,4043,4019.139893,4029.52002,1943830000
2013/12/17,4028.879883,4034.689941,4011.580078,4023.679932,1861130000
2013/12/18,4024.669922,4070.379883,3979.590088,4070.060059,2178330000
2013/12/19,4059.340088,4063.699951,4045.409912,4058.139893,1813050000
2013/12/20,4064.889893,4111.930176,4064.72998,4104.740234,3510420000
2013/12/23,4136.149902,4149.310059,4127.720215,4148.899902,1779400000
2013/12/24,4150.640137,4155.620117,4147.149902,4155.419922,802270000
2013/12/26,4164.209961,4169.970215,4158.589844,4167.180176,1180670000
2013/12/27,4173.359863,4175.359863,4153.640137,4156.589844,1255020000
2013/12/30,4153.580078,4158.72998,4142.180176,4154.200195,1349470000
2013/12/31,4161.509766,4177.72998,4160.77002,4176.589844,1401140000
2014/1/2,4160.029785,4160.959961,4131.790039,4143.069824,1738820000
2014/1/3,4148.560059,4152.959961,4124.959961,4131.910156,1667480000
2014/1/6,4137.029785,4139.779785,4103.75,4113.680176,2292840000
2014/1/7,4128.569824,4158.180176,4126.47998,4153.180176,2278220000
2014/1/8,4154.279785,4171.75,4145,4165.609863,2345220000
2014/1/9,4179.040039,4182.740234,4142.700195,4156.189941,2214770000
2014/1/10,4168.939941,4174.680176,4142.209961,4174.669922,2143070000
2014/1/13,4167.410156,4179.470215,4097.990234,4113.299805,2322240000
2014/1/14,4129.600098,4183.839844,4125.810059,4183.02002,2034180000
2014/1/15,4196.529785,4218.790039,4195.97998,4214.879883,2101870000
2014/1/16,4209.589844,4219.279785,4204.160156,4218.689941,2005850000
2014/1/17,4207.819824,4217.240234,4187.310059,4197.580078,2150370000
2014/1/21,4222.97998,4227.930176,4193.169922,4225.759766,2034030000
2014/1/22,4234.580078,4246.549805,4225.52002,4243,2026910000
2014/1/23,4224.359863,4224.439941,4192.279785,4218.879883,2191980000
2014/1/24,4194.970215,4197.930176,4128.169922,4128.169922,2489470000
2014/1/27,4132.220215,4136.459961,4052.629883,4083.610107,2398280000
2014/1/28,4067.860107,4099.810059,4067.689941,4097.959961,2091180000
2014/1/29,4060.610107,4091.27002,4044.76001,4051.429932,2231850000
2014/1/30,4098.810059,4135.839844,4094.169922,4123.129883,2168410000
2014/1/31,4068.629883,4124.919922,4067.610107,4103.879883,2300570000
2014/2/3,4105.060059,4113.549805,3989.949951,3996.959961,2617030000
2014/2/4,4019.439941,4044.199951,4004.580078,4031.52002,2173360000
2014/2/5,4015.5,4026.280029,3968.189941,4011.550049,2168360000
2014/2/6,4022.659912,4064.060059,4022.169922,4057.120117,1942700000
2014/2/7,4081.820068,4126.509766,4069.929932,4125.859863,2055850000
2014/2/10,4125.120117,4148.299805,4122.609863,4148.169922,1811970000
2014/2/11,4154.660156,4198.509766,4153.100098,4191.049805,1993950000
2014/2/12,4196.850098,4212.609863,4190.390137,4201.290039,2035890000
2014/2/13,4171.580078,4240.669922,4170.470215,4240.669922,2249990000
2014/2/14,4237,4250.910156,4225.75,4244.02002,1881510000
2014/2/18,4253.709961,4277.330078,4243.560059,4272.779785,1886210000
2014/2/19,4260.740234,4274.290039,4232.379883,4237.950195,1956720000
2014/2/20,4241.459961,4272.339844,4226.75,4267.549805,1992780000
2014/2/21,4282.169922,4284.850098,4261.629883,4263.410156,2138250000
2014/2/24,4273.319824,4311.129883,4272.109863,4292.970215,2161300000
2014/2/25,4298.47998,4307.509766,4275.799805,4287.589844,2137150000
2014/2/26,4300.450195,4316.819824,4278.540039,4292.060059,2108270000
2014/2/27,4291.470215,4322.459961,4284.779785,4318.930176,2049160000
2014/2/28,4323.52002,4342.589844,4275.609863,4308.120117,2617730000
2014/3/3,4261.419922,4284.149902,4239.649902,4277.299805,2077500000
2014/3/4,4327.850098,4357.209961,4327.540039,4351.970215,2477850000
2014/3/5,4352.759766,4362.5,4344.149902,4357.970215,2215980000
2014/3/6,4368.810059,4371.709961,4341,4352.129883,2136260000
2014/3/7,4370.97998,4371.390137,4319.149902,4336.220215,2175560000
2014/3/10,4332.620117,4339.930176,4307.839844,4334.450195,2111610000
2014/3/11,4342.930176,4354.430176,4295.470215,4307.189941,2477780000
2014/3/12,4288.600098,4323.330078,4270.220215,4323.330078,2131880000
2014/3/13,4338.259766,4339.899902,4242.950195,4260.419922,2383600000
2014/3/14,4250.450195,4272.339844,4241.939941,4245.399902,2196890000
2014/3/17,4274.220215,4301.279785,4273.009766,4279.950195,1810410000
2014/3/18,4286.220215,4334.660156,4284.109863,4333.310059,1962890000
2014/3/19,4331.459961,4334.299805,4283.540039,4307.600098,1992750000
2014/3/20,4297.990234,4329.609863,4287.410156,4319.290039,1847270000
2014/3/21,4339.899902,4344.390137,4268.339844,4276.790039,3245740000
2014/3/24,4289.490234,4289.490234,4190.609863,4226.390137,2434650000
2014/3/25,4252.649902,4274.319824,4203.640137,4234.27002,2270760000
2014/3/26,4254.97998,4263.069824,4173.580078,4173.580078,2455460000
2014/3/27,4169.350098,4186.129883,4131.810059,4151.22998,2270650000
2014/3/28,4163.180176,4203.490234,4144.689941,4155.759766,2029840000
2014/3/31,4185.629883,4212.970215,4180.540039,4198.990234,2090850000
2014/4/1,4219.870117,4268.200195,4218.77002,4268.040039,2153130000
2014/4/2,4281.609863,4286.089844,4258.859863,4276.459961,2187100000
2014/4/3,4282.180176,4284.689941,4216.569824,4237.740234,2067370000
2014/4/4,4263.939941,4267.060059,4118.709961,4127.72998,2621270000
2014/4/7,4110.919922,4133.680176,4052.139893,4079.75,2554680000
2014/4/8,4085.179932,4120.240234,4066.110107,4112.990234,2198900000
2014/4/9,4129.629883,4185.189941,4121.169922,4183.899902,1957560000
2014/4/10,4181.209961,4182.609863,4042.76001,4054.110107,2421210000
2014/4/11,4015.070068,4067.219971,3991.639893,3999.72998,2264480000
2014/4/14,4038.060059,4050.790039,3986.5,4022.689941,1890480000
2014/4/15,4032.629883,4054.800049,3946.030029,4034.159912,2413110000
2014/4/16,4066.820068,4086.280029,4038.810059,4086.22998,1863110000
2014/4/17,4080.300049,4110.459961,4064.699951,4095.52002,1954720000
2014/4/21,4105.370117,4121.549805,4081.909912,4121.549805,1544440000
2014/4/22,4132.060059,4170.720215,4131.609863,4161.459961,1875930000
2014/4/23,4160.899902,4161.439941,4125.410156,4126.970215,1794760000
2014/4/24,4174.609863,4177.160156,4107.52002,4148.339844,2130870000
2014/4/25,4125.160156,4126.97998,4068.100098,4075.560059,2087140000
2014/4/28,4091.810059,4111.589844,4014.169922,4074.399902,2348320000
2014/4/29,4089.51001,4111.450195,4070.25,4103.540039,1911240000
2014/4/30,4085.189941,4116.140137,4070.629883,4114.560059,2151400000
2014/5/1,4121.25,4149.560059,4105.609863,4127.450195,2077040000
2014/5/2,4138.629883,4145.060059,4115.890137,4123.899902,1844790000
2014/5/5,4099.25,4138.339844,4086.350098,4138.060059,1561170000
2014/5/6,4128.220215,4132.459961,4080.76001,4080.76001,1850610000
2014/5/7,4085.48999,4091.030029,4021.050049,4067.669922,2486030000
2014/5/8,4053.280029,4109.200195,4039.909912,4051.5,2411940000
2014/5/9,4043.439941,4071.870117,4025.23999,4071.870117,1976160000
2014/5/12,4092.840088,4146.540039,4092.090088,4143.859863,1880020000
2014/5/13,4144.899902,4155.129883,4128.009766,4130.169922,1923480000
2014/5/14,4122.080078,4132.330078,4093.830078,4100.629883,1764430000
2014/5/15,4096.529785,4098.25,4035.959961,4069.290039,2083030000
2014/5/16,4070.350098,4091.159912,4044.27002,4090.590088,1741070000
2014/5/19,4080.330078,4128.470215,4075.699951,4125.810059,1601400000
2014/5/20,4121.109863,4124.859863,4080.610107,4096.890137,1797910000
2014/5/21,4105.959961,4133.609863,4103.609863,4131.540039,1703500000
2014/5/22,4136.089844,4164.850098,4131.470215,4154.339844,1835810000
2014/5/23,4159.779785,4186.580078,4148.299805,4185.810059,1536610000
2014/5/27,4206.439941,4237.069824,4204.720215,4237.069824,1812330000
2014/5/28,4234.959961,4238.169922,4216.890137,4225.080078,1785140000
2014/5/29,4238.040039,4247.950195,4228.959961,4247.950195,1714000000
2014/5/30,4251.490234,4252.080078,4221.950195,4242.620117,1903660000
2014/6/2,4247.959961,4247.959961,4207.609863,4237.200195,1631310000
2014/6/3,4222.040039,4240.350098,4215.799805,4234.080078,1718640000
2014/6/4,4222.209961,4256.189941,4216.22998,4251.640137,1610090000
2014/6/5,4259.120117,4299.5,4241.680176,4296.22998,1926750000
2014/6/6,4312.759766,4322.509766,4305.740234,4321.399902,1616650000
2014/6/9,4324.350098,4346.740234,4320.279785,4336.240234,1783060000
2014/6/10,4329.200195,4338.870117,4319.930176,4338,1787120000
2014/6/11,4322.919922,4338.209961,4315.490234,4331.930176,1778460000
2014/6/12,4323.109863,4328.350098,4284.529785,4297.629883,1908190000
2014/6/13,4315.310059,4317.669922,4288.410156,4310.649902,1754560000
2014/6/16,4303.930176,4326.890137,4296.259766,4321.100098,1675120000
2014/6/17,4316.009766,4346.120117,4311.149902,4337.22998,1814360000
2014/6/18,4341.180176,4365.100098,4320.540039,4362.839844,1860660000
2014/6/19,4370.140137,4372.180176,4339.609863,4359.330078,1845460000
2014/6/20,4365.370117,4368.799805,4354.029785,4368.040039,2721380000
2014/6/23,4368.959961,4371.810059,4358.680176,4368.680176,1712930000
2014/6/24,4367.899902,4399.870117,4342.899902,4350.350098,2014700000
2014/6/25,4341.819824,4383.549805,4339.410156,4379.759766,1722820000
2014/6/26,4379.439941,4379.799805,4347.450195,4379.049805,1554070000
2014/6/27,4371.799805,4398.850098,4371.600098,4397.930176,3964930000
2014/6/30,4398.370117,4417.459961,4396.589844,4408.180176,1848110000
2014/7/1,4424.709961,4471.600098,4424.430176,4458.649902,1942550000
2014/7/2,4457.859863,4466.919922,4450.870117,4457.72998,1599480000
2014/7/3,4472.890137,4485.930176,4463.850098,4485.930176,1001730000
2014/7/7,4477.740234,4478.02002,4447.600098,4451.529785,1691390000
2014/7/8,4442.870117,4443.560059,4372.040039,4391.459961,2221820000
2014/7/9,4403.029785,4421.930176,4388.009766,4419.029785,1736960000
2014/7/10,4352.040039,4415.850098,4351.040039,4396.200195,1682920000
2014/7/11,4401.049805,4417.160156,4389.290039,4415.490234,1511250000
2014/7/14,4441.390137,4451.600098,4432.950195,4440.419922,1579660000
2014/7/15,4444.910156,4451.930176,4389.700195,4416.390137,1772030000
2014/7/16,4446.169922,4448.870117,4419.709961,4425.970215,2059340000
2014/7/17,4411.52002,4425.379883,4352.22998,4363.450195,2055240000
2014/7/18,4379.939941,4434.439941,4378.220215,4432.149902,1823580000
2014/7/21,4421.200195,4432.419922,4404.509766,4424.700195,1557820000
2014/7/22,4444.939941,4464.129883,4443.350098,4456.02002,1724440000
2014/7/23,4468.160156,4480.72998,4457.950195,4473.700195,1909810000
2014/7/24,4481.609863,4485.5,4465.939941,4472.109863,1935090000
2014/7/25,4448.060059,4457.950195,4430.430176,4449.560059,1711430000
2014/7/28,4451.120117,4455.390137,4413.919922,4444.910156,1783250000
2014/7/29,4456.069824,4470.970215,4441.029785,4442.700195,2090810000
2014/7/30,4468.439941,4476.060059,4444.509766,4462.899902,1872430000
2014/7/31,4421.290039,4430.799805,4367.149902,4369.77002,2273380000
2014/8/1,4363.390137,4385.049805,4324.02002,4352.640137,2050340000
2014/8/4,4365.620117,4395.379883,4343.029785,4383.890137,1677400000
2014/8/5,4364.589844,4383.02002,4333.580078,4352.839844,1916180000
2014/8/6,4326.279785,4378.990234,4325.040039,4355.049805,1819310000
2014/8/7,4373.25,4379.700195,4321.890137,4334.970215,1866330000
2014/8/8,4340.879883,4373.120117,4327.870117,4370.899902,1759060000
2014/8/11,4387.379883,4415.779785,4384.149902,4401.330078,1537880000
2014/8/12,4394.689941,4407.080078,4371.839844,4389.25,1560220000
2014/8/13,4407.870117,4434.310059,4403.640137,4434.129883,1611690000
2014/8/14,4438.129883,4453,4433.939941,4453,1549820000
2014/8/15,4479.640137,4482.470215,4427.129883,4464.930176,1799460000
2014/8/18,4490.529785,4509.160156,4486.439941,4508.310059,1571100000
2014/8/19,4514.259766,4528.910156,4513.919922,4527.509766,1556560000
2014/8/20,4517.75,4533.009766,4515.72998,4526.47998,1502290000
2014/8/21,4526.720215,4534,4513.810059,4532.100098,1421730000
2014/8/22,4534.870117,4547.240234,4521.77002,4538.549805,1311810000
2014/8/25,4563.720215,4571.140137,4547.779785,4557.350098,1384620000
2014/8/26,4563.810059,4575.589844,4556.779785,4570.640137,1469620000
2014/8/27,4574.350098,4575.810059,4561.839844,4569.620117,1389470000
2014/8/28,4552.549805,4565.959961,4546.620117,4557.700195,1309580000
2014/8/29,4571.759766,4580.27002,4553.779785,4580.27002,1352830000
2014/9/2,4592.419922,4598.640137,4576.810059,4598.189941,1859080000
2014/9/3,4610.140137,4610.140137,4565.379883,4572.560059,1897450000
2014/9/4,4581.52002,4603.149902,4553.310059,4562.290039,1728700000
2014/9/5,4560.629883,4583,4542.740234,4582.899902,1641830000
2014/9/8,4579.060059,4600.399902,4570.22998,4592.290039,1670210000
2014/9/9,4588.830078,4599.029785,4544.439941,4552.290039,1956550000
2014/9/10,4554.149902,4587.100098,4544.839844,4586.52002,1808650000
2014/9/11,4567.640137,4591.810059,4559.75,4591.810059,1704850000
2014/9/12,4588.77002,4590.080078,4555.680176,4567.600098,1784170000
2014/9/15,4567.450195,4567.470215,4506.72998,4518.899902,1940520000
2014/9/16,4502.109863,4558.240234,4499.870117,4552.759766,1879350000
2014/9/17,4553.959961,4582.399902,4539.359863,4562.189941,1796710000
2014/9/18,4575.740234,4593.97998,4572.620117,4593.430176,1774840000
2014/9/19,4606.129883,4610.569824,4563.439941,4579.790039,3178490000
2014/9/22,4568.450195,4568.870117,4513.120117,4527.689941,1881520000
2014/9/23,4511.319824,4536.029785,4508.419922,4508.689941,1847730000
2014/9/24,4514.919922,4557.27002,4500.129883,4555.220215,1765260000
2014/9/25,4540.819824,4546.930176,4466.640137,4466.75,1939610000
2014/9/26,4476.47998,4515.75,4475.47998,4512.189941,1637480000
2014/9/29,4465.839844,4515.240234,4464.439941,4505.850098,1737750000
2014/9/30,4512.640137,4522.060059,4483.910156,4493.390137,2200380000
2014/10/1,4486.649902,4486.790039,4409.299805,4422.089844,2312630000
2014/10/2,4421.25,4441.950195,4367.740234,4430.200195,2165500000
2014/10/3,4456.810059,4488.069824,4445.720215,4475.620117,1777640000
2014/10/6,4492.399902,4496.259766,4444.100098,4454.799805,1828240000
2014/10/7,4433.910156,4441.759766,4385.149902,4385.200195,2111360000
2014/10/8,4385.700195,4473.72998,4355.339844,4468.589844,2451630000
2014/10/9,4458.290039,4464.129883,4377.279785,4378.339844,2264220000
2014/10/10,4354.629883,4380.509766,4276.240234,4276.240234,2765750000
2014/10/13,4274.910156,4303.819824,4212.870117,4213.660156,2467830000
2014/10/14,4246.22998,4281.339844,4212.819824,4227.169922,2496120000
2014/10/15,4154.100098,4231.540039,4116.600098,4215.319824,3058740000
2014/10/16,4133.25,4246.009766,4131.649902,4217.390137,2591940000
2014/10/17,4275.089844,4296.109863,4241.669922,4258.439941,2260070000
2014/10/20,4254.160156,4316.870117,4248.220215,4316.069824,1717370000
2014/10/21,4359.169922,4419.47998,4356.100098,4419.47998,1997580000
2014/10/22,4429.160156,4435.859863,4381.279785,4382.850098,1967020000
2014/10/23,4427.439941,4475.549805,4421.560059,4452.790039,1952380000
2014/10/24,4459.459961,4486.259766,4445.850098,4483.720215,1754300000
2014/10/27,4469.02002,4489.600098,4450.290039,4485.930176,1585580000
2014/10/28,4505.72998,4564.290039,4505.109863,4564.290039,1966920000
2014/10/29,4551.370117,4564.439941,4517.02002,4549.22998,2184050000
2014/10/30,4532.100098,4575.5,4521.790039,4566.140137,2034960000
2014/10/31,4639.450195,4641.509766,4616.580078,4630.740234,2424360000
2014/11/3,4633.709961,4654.189941,4627.419922,4638.910156,2033000000
2014/11/4,4623.77002,4635.950195,4594.919922,4623.640137,1939320000
2014/11/5,4649.470215,4650.390137,4607.72998,4620.720215,2001870000
2014/11/6,4616.779785,4639.169922,4604.759766,4638.470215,1986820000
2014/11/7,4636.890137,4638.799805,4606.810059,4632.529785,1978830000
2014/11/10,4635.100098,4653.379883,4626.490234,4651.620117,1830010000
2014/11/11,4649.189941,4661.22998,4640.240234,4660.560059,1663690000
2014/11/12,4644.629883,4678.580078,4643.779785,4675.140137,1773060000
2014/11/13,4681.560059,4703.100098,4664.27002,4680.140137,1857580000
2014/11/14,4679.850098,4688.740234,4664.310059,4688.540039,1739950000
2014/11/17,4678.439941,4689.529785,4655.200195,4671,1695070000
2014/11/18,4674.839844,4709.830078,4674.299805,4702.439941,1655760000
2014/11/19,4694.779785,4696.200195,4655.720215,4675.709961,1641560000
2014/11/20,4655.200195,4702.970215,4653.330078,4701.870117,1667330000
2014/11/21,4751.009766,4751.600098,4700.72998,4712.970215,1854340000
2014/11/24,4725.169922,4755.02002,4723.620117,4754.890137,1568130000
2014/11/25,4762.390137,4774.52002,4749.919922,4758.25,1720140000
2014/11/26,4760.22998,4788,4757.47998,4787.319824,1362930000
2014/11/28,4797.100098,4810.859863,4786.720215,4791.629883,998600000
2014/12/1,4777.72998,4782.069824,4724.620117,4727.350098,1893600000
2014/12/2,4732.970215,4761.629883,4729.759766,4755.810059,1839170000
2014/12/3,4761.310059,4781.370117,4745.140137,4774.470215,1734510000
2014/12/4,4772,4785.410156,4753.709961,4769.439941,1724090000
2014/12/5,4776.580078,4788.97998,4769.640137,4780.759766,1767100000
2014/12/8,4769.759766,4793.240234,4722.910156,4740.689941,1966770000
2014/12/9,4685.200195,4768.410156,4674.379883,4766.470215,1950330000
2014/12/10,4754.419922,4766.640137,4679.25,4684.02002,1850810000
2014/12/11,4704.649902,4759.879883,4699.430176,4708.160156,1873050000
2014/12/12,4665.350098,4707.919922,4653.600098,4653.600098,1888870000
2014/12/15,4679.669922,4690.580078,4592.430176,4605.160156,2143610000
2014/12/16,4572.790039,4645.189941,4547.310059,4547.830078,2231670000
2014/12/17,4556.899902,4651.899902,4550.700195,4644.310059,2279930000
2014/12/18,4712.390137,4748.399902,4697.089844,4748.399902,2172260000
2014/12/19,4752.600098,4782.129883,4738.290039,4765.379883,3287920000
2014/12/22,4759.040039,4781.930176,4757.799805,4781.419922,1720070000
2014/12/23,4798.029785,4798.060059,4761.390137,4765.419922,1590820000
2014/12/24,4770.120117,4787.569824,4768.669922,4773.470215,729750000
2014/12/26,4788.060059,4814.950195,4787.850098,4806.859863,930220000
2014/12/29,4801.259766,4813.720215,4798.899902,4806.910156,1227740000
2014/12/30,4793.609863,4803.890137,4772.879883,4777.439941,1269200000
2014/12/31,4790.529785,4806.430176,4734.109863,4736.049805,1515600000
2015/1/2,4760.240234,4777.009766,4698.109863,4726.810059,1435150000
2015/1/5,4700.339844,4702.77002,4641.459961,4652.569824,1794470000
2015/1/6,4666.850098,4667.330078,4567.589844,4592.740234,2167320000
2015/1/7,4626.839844,4652.720215,4613.899902,4650.470215,1957950000
2015/1/8,4689.540039,4741.379883,4688.02002,4736.189941,2105450000
2015/1/9,4744.470215,4744.709961,4681.240234,4704.069824,1715830000
2015/1/12,4714.069824,4715.810059,4650.649902,4664.709961,1861960000
2015/1/13,4708.740234,4751.339844,4624.279785,4661.5,2162180000
2015/1/14,4610.759766,4655.370117,4595.97998,4639.319824,2073810000
2015/1/15,4657.459961,4663.959961,4567.390137,4570.819824,1976260000
2015/1/16,4566.379883,4635.819824,4563.109863,4634.379883,1970520000
2015/1/20,4655.839844,4665.649902,4601.100098,4654.850098,1835040000
2015/1/21,4641.950195,4692.459961,4629.589844,4667.419922,1847420000
2015/1/22,4690.930176,4752.600098,4644.569824,4750.399902,1996550000
2015/1/23,4748.189941,4771.180176,4737.950195,4757.879883,1653830000
2015/1/26,4752.359863,4774.180176,4734.200195,4771.759766,1717510000
2015/1/27,4698.22998,4721.870117,4659.830078,4681.5,1954160000
2015/1/28,4740.689941,4742.060059,4637.47998,4637.990234,2118680000
2015/1/29,4635.72998,4688.410156,4601.759766,4683.410156,2110710000
2015/1/30,4671.209961,4703.810059,4631.100098,4635.240234,2264230000
2015/2/2,4650.600098,4676.689941,4580.459961,4676.689941,2006450000
2015/2/3,4693.25,4727.740234,4670.819824,4727.740234,2153520000
2015/2/4,4699.810059,4744.330078,4697.790039,4716.700195,2212960000
2015/2/5,4729.649902,4767.379883,4722.799805,4765.100098,2036590000
2015/2/6,4768.839844,4787.180176,4731.220215,4744.399902,2034060000
2015/2/9,4723.72998,4749.470215,4719.609863,4726.009766,1654680000
2015/2/10,4754.629883,4793.27002,4737.120117,4787.640137,1773730000
2015/2/11,4788.370117,4810.359863,4780.129883,4801.180176,1793630000
2015/2/12,4828.080078,4857.609863,4823.569824,4857.609863,2075470000
2015/2/13,4869.72998,4893.839844,4860.120117,4893.839844,1942240000
2015/2/17,4889.990234,4901.890137,4880.640137,4899.27002,1751490000
2015/2/18,4890.839844,4907.5,4885.600098,4906.359863,1684800000
2015/2/19,4901.509766,4929.529785,4900.629883,4924.700195,1592890000
2015/2/20,4919.779785,4957.02002,4905.589844,4955.970215,1761140000
2015/2/23,4953.100098,4960.970215,4939.560059,4960.970215,1754850000
2015/2/24,4956.209961,4971.180176,4945.140137,4968.120117,1834890000
2015/2/25,4960.359863,4984.240234,4956,4967.140137,1848560000
2015/2/26,4969.27002,4989.109863,4955.509766,4987.890137,1905550000
2015/2/27,4985.029785,4989.25,4960.870117,4963.529785,1955590000
2015/3/2,4973.430176,5008.569824,4972.009766,5008.100098,1931110000
2015/3/3,4990.700195,4996.660156,4956.069824,4979.899902,2018900000
2015/3/4,4961.240234,4973.319824,4938.899902,4967.140137,1824830000
2015/3/5,4979.950195,4993.52002,4963.100098,4982.810059,1724200000
2015/3/6,4967.240234,4982.930176,4918.629883,4927.370117,1918220000
2015/3/9,4936.080078,4950.470215,4920.819824,4942.439941,1696510000
2015/3/10,4899.509766,4903.439941,4859.790039,4859.790039,1876010000
2015/3/11,4866.939941,4876.089844,4846.790039,4849.939941,1846020000
2015/3/12,4853.97998,4895.799805,4853.200195,4893.290039,1855110000
2015/3/13,4885.540039,4904.470215,4842.799805,4871.759766,1851410000
2015/3/16,4897.27002,4929.939941,4889.089844,4929.509766,1713480000
2015/3/17,4912.649902,4944.910156,4907.02002,4937.430176,1724370000
2015/3/18,4926.830078,5001.569824,4907.720215,4982.830078,1983570000
2015/3/19,4982.02002,5000.02002,4979.939941,4992.379883,1674970000
2015/3/20,5033.470215,5042.140137,5020.069824,5026.419922,2825670000
2015/3/23,5020.600098,5031.390137,5010.970215,5010.970215,1608880000
2015/3/24,5010.100098,5032.47998,4994.560059,4994.72998,1611670000
2015/3/25,5002.830078,5006.759766,4876.52002,4876.52002,2219520000
2015/3/26,4835.709961,4889.209961,4825.930176,4863.359863,2004960000
2015/3/27,4863.740234,4899.259766,4859.660156,4891.220215,1678650000
2015/3/30,4921.779785,4948.459961,4921.120117,4947.439941,1778520000
2015/3/31,4925.910156,4940.870117,4899.310059,4900.879883,1837660000
2015/4/1,4894.359863,4899.379883,4844.390137,4880.22998,1874960000
2015/4/2,4885.410156,4901.330078,4872.959961,4886.939941,1563670000
2015/4/6,4855.939941,4929.620117,4852.910156,4917.319824,1737560000
2015/4/7,4917.5,4948.879883,4909.77002,4910.22998,1572940000
2015/4/8,4914.149902,4956.720215,4914.149902,4950.819824,1714210000
2015/4/9,4950.839844,4975.930176,4928.109863,4974.560059,1729750000
2015/4/10,4977.029785,4996.080078,4970.02002,4995.97998,1494240000
2015/4/13,5001.549805,5024.25,4985.959961,4988.25,1544190000
2015/4/14,4988.819824,4996.819824,4952.009766,4977.290039,1571360000
2015/4/15,4992.620117,5021.189941,4989.240234,5011.02002,1795530000
2015/4/16,4999.359863,5016,4996,5007.790039,1662850000
2015/4/17,4966.109863,4974.089844,4912.330078,4931.810059,1985190000
2015/4/20,4958.069824,5000.200195,4952.680176,4994.600098,1646340000
2015/4/21,5023.959961,5028.220215,5009.509766,5014.100098,1721260000
2015/4/22,5026.569824,5040.649902,4992.620117,5035.169922,1696380000
2015/4/23,5020.220215,5073.089844,5019.290039,5056.060059,1858620000
2015/4/24,5096.339844,5100.370117,5081.209961,5092.080078,1895150000
2015/4/27,5104.359863,5119.830078,5053.540039,5060.25,2172470000
2015/4/28,5063.259766,5075.299805,5006.279785,5055.419922,2032500000
2015/4/29,5028.450195,5053.839844,4999.830078,5023.640137,1871300000
2015/4/30,4996.990234,5015.959961,4921.549805,4941.419922,2269290000
2015/5/1,4966.319824,5005.390137,4962.740234,5005.390137,1854400000
2015/5/4,5018.350098,5043.620117,5013.02002,5016.930176,1668200000
2015/5/5,5000.200195,5008.27002,4934.339844,4939.330078,2069490000
2015/5/6,4956.700195,4965.100098,4888.169922,4919.640137,2144620000
2015/5/7,4917.75,4957.120117,4914.529785,4945.540039,2042960000
2015/5/8,4991.629883,5014.330078,4989.259766,5003.549805,1978760000
2015/5/11,5003.259766,5017.379883,4992.02002,4993.569824,1731390000
2015/5/12,4966.439941,4995.5,4931.600098,4976.189941,0
2015/5/13,4991.419922,5012.970215,4977.490234,4981.689941,1672260000
2015/5/14,5016.680176,5051.720215,4999.649902,5050.799805,1741970000
2015/5/15,5059.149902,5062.649902,5034.839844,5048.290039,1667260000
2015/5/18,5040.919922,5084.5,5037.540039,5078.439941,1643870000
2015/5/19,5080.439941,5087.350098,5062.799805,5070.029785,1750980000
2015/5/20,5072.439941,5097.52002,5050.209961,5071.740234,1786830000
2015/5/21,5065.939941,5098.22998,5062.509766,5090.790039,1683670000
2015/5/22,5085.390137,5103.839844,5085.189941,5089.359863,1544920000
2015/5/26,5076.910156,5081.169922,5016.740234,5032.75,1731950000
2015/5/27,5047.859863,5111.540039,5039.370117,5106.589844,1809550000
2015/5/28,5096.339844,5106.649902,5080.25,5097.97998,1741420000
2015/5/29,5093.100098,5099.399902,5057.589844,5070.029785,2024170000
2015/6/1,5094.939941,5099.009766,5045.669922,5082.930176,1902120000
2015/6/2,5063.470215,5100.02002,5047.350098,5076.52002,1729750000
2015/6/3,5098.47998,5114.600098,5084.990234,5099.22998,1852680000
2015/6/4,5078.220215,5101.109863,5046.290039,5059.120117,1813960000
2015/6/5,5057.040039,5074.97998,5025.52002,5068.459961,1842890000
2015/6/8,5066.649902,5069,5014.060059,5021.629883,1712210000
2015/6/9,5013.129883,5027.02002,4974.620117,5013.870117,1754340000
2015/6/10,5029.410156,5086.660156,5024.169922,5076.689941,1792980000
2015/6/11,5088.259766,5101.390137,5075.049805,5082.509766,1623950000
2015/6/12,5060.240234,5067.959961,5043.240234,5051.100098,1428900000
2015/6/15,5011.790039,5035.370117,4985.939941,5029.970215,1790280000
2015/6/16,5023.580078,5063.060059,5022.560059,5055.549805,1654820000
2015/6/17,5067.680176,5080.109863,5042.25,5064.879883,1712820000
2015/6/18,5082.060059,5143.319824,5082.029785,5132.950195,1877920000
2015/6/19,5139.77002,5140.169922,5113.939941,5117,2468310000
2015/6/22,5147.870117,5162.129883,5142.779785,5153.970215,1619970000
2015/6/23,5161.680176,5163.410156,5139.330078,5160.089844,1613540000
2015/6/24,5151.379883,5164.359863,5121.640137,5122.410156,1628800000
2015/6/25,5139.47998,5141.709961,5102.160156,5112.189941,1614760000
2015/6/26,5113.259766,5121.470215,5060.819824,5080.509766,3843810000
2015/6/29,5021.209961,5051.009766,4956.22998,4958.470215,2025580000
2015/6/30,5000.149902,5008.759766,4968.259766,4986.870117,2034430000
2015/7/1,5029.049805,5038.549805,4994.459961,5013.120117,1814560000
2015/7/2,5024.299805,5027.470215,4990.740234,5009.209961,1490810000
2015/7/6,4963.799805,5020.709961,4960.930176,4991.939941,1741500000
2015/7/7,4993.759766,5001.990234,4902.209961,4997.459961,2132080000
2015/7/8,4953.97998,4965.450195,4901.509766,4909.759766,1931520000
2015/7/9,4976.149902,4982.189941,4920.399902,4922.399902,1861600000
2015/7/10,4981.240234,5008.049805,4966.509766,4997.700195,1590230000
2015/7/13,5037.27002,5074.810059,5036.680176,5071.509766,1694140000
2015/7/14,5077.120117,5116.52002,5075.120117,5104.890137,1682660000
2015/7/15,5111.109863,5125.319824,5088.120117,5098.939941,1691350000
2015/7/16,5138.180176,5163.180176,5128.560059,5163.180176,1823530000
2015/7/17,5196.109863,5210.160156,5183.22998,5210.140137,1854450000
2015/7/20,5223.180176,5231.939941,5201.490234,5218.859863,1814180000
2015/7/21,5219.200195,5229,5196.299805,5208.120117,1774570000
2015/7/22,5146.029785,5184.740234,5145.779785,5171.77002,2035730000
2015/7/23,5180.330078,5197,5137.640137,5146.410156,2003310000
2015/7/24,5166.910156,5167.540039,5084.509766,5088.629883,2004380000
2015/7/27,5055.919922,5072.879883,5032.689941,5039.779785,1942520000
2015/7/28,5063.439941,5097.689941,5025.609863,5089.209961,2025110000
2015/7/29,5097.859863,5117.839844,5080.040039,5111.72998,1890350000
2015/7/30,5100.299805,5135.649902,5070.620117,5128.779785,1908480000
2015/7/31,5148.180176,5155.02002,5122.370117,5128.279785,1926360000
2015/8/3,5134.339844,5143.080078,5082.319824,5115.379883,1790080000
2015/8/4,5110.959961,5125.899902,5092.459961,5105.549805,1819700000
2015/8/5,5132.77002,5175.259766,5131.859863,5139.939941,2041490000
2015/8/6,5146.629883,5149.930176,5035.410156,5056.439941,2290950000
2015/8/7,5043.970215,5055.560059,5006.149902,5043.540039,2008360000
2015/8/10,5081.720215,5112.470215,5081.109863,5101.799805,1784930000
2015/8/11,5069.160156,5089.330078,5013.450195,5036.790039,1912340000
2015/8/12,4994.52002,5055.75,4945.790039,5044.390137,2089460000
2015/8/13,5050.939941,5071.459961,5029.609863,5033.560059,1632340000
2015/8/14,5025.919922,5051.890137,5012.609863,5048.240234,1487630000
2015/8/17,5032.339844,5092.689941,5022.419922,5091.700195,1510790000
2015/8/18,5082.169922,5085.140137,5054.970215,5059.350098,1501540000
2015/8/19,5039.029785,5060.930176,4992.850098,5019.049805,1785420000
2015/8/20,4973.490234,4986.509766,4877.490234,4877.490234,2087000000
2015/8/21,4801.040039,4856.75,4706.040039,4706.040039,2768540000
2015/8/24,4351.609863,4694.899902,4292.140137,4526.25,3508840000
2015/8/25,4687.27002,4689.540039,4506.100098,4506.490234,2612800000
2015/8/26,4633.509766,4703.970215,4530.029785,4697.540039,2631660000
2015/8/27,4761.049805,4818.709961,4721.790039,4812.709961,2368880000
2015/8/28,4792.109863,4836.779785,4788.379883,4828.319824,1936540000
2015/8/31,4798.680176,4824.609863,4763.419922,4776.509766,1839010000
2015/9/1,4673.609863,4722.129883,4614.910156,4636.100098,2253750000
2015/9/2,4704.419922,4749.97998,4659.410156,4749.97998,1929080000
2015/9/3,4763.100098,4800.180176,4721.910156,4733.5,1803320000
2015/9/4,4670.350098,4712.669922,4657.819824,4683.919922,1574720000
2015/9/8,4769.720215,4815.040039,4754.890137,4811.930176,1765600000
2015/9/9,4856.27002,4862.879883,4746.72998,4756.529785,1963750000
2015/9/10,4749.959961,4826.330078,4746.52002,4796.25,1845770000
2015/9/11,4770.72998,4822.339844,4763.149902,4822.339844,1686190000
2015/9/14,4831.97998,4832,4791.080078,4805.759766,1467740000
2015/9/15,4819.319824,4872.350098,4802.089844,4860.52002,1587460000
2015/9/16,4860.430176,4893.439941,4848.149902,4889.240234,1666380000
2015/9/17,4884.109863,4960.870117,4880.5,4893.950195,1891510000
2015/9/18,4828.709961,4878.709961,4819.089844,4827.22998,3272150000
2015/9/21,4851.97998,4881.459961,4795.910156,4828.950195,2021530000
2015/9/22,4762.290039,4776.279785,4716.910156,4756.720215,2042880000
2015/9/23,4764.689941,4780.640137,4735.129883,4752.740234,1606330000
2015/9/24,4717.890137,4746.209961,4670.120117,4734.47998,1995820000
2015/9/25,4782.410156,4785.220215,4659.47998,4686.5,2050530000
2015/9/28,4665.060059,4665.209961,4529.410156,4543.970215,2387610000
2015/9/29,4551.040039,4596.060059,4487.060059,4517.319824,2293450000
2015/9/30,4574.379883,4620.160156,4559.180176,4620.160156,2398350000
2015/10/1,4624.459961,4628.22998,4559.209961,4627.080078,2133990000
2015/10/2,4566.129883,4707.779785,4552.339844,4707.779785,2183320000
2015/10/5,4742.129883,4785.910156,4740.240234,4781.259766,2005320000
2015/10/6,4767.629883,4783.370117,4711.790039,4748.359863,2085020000
2015/10/7,4775.049805,4791.149902,4728.709961,4791.149902,2149890000
2015/10/8,4775.060059,4819.069824,4737.930176,4810.790039,1984230000
2015/10/9,4817.279785,4841.379883,4804.589844,4830.470215,1804260000
2015/10/12,4839.790039,4846.740234,4818.169922,4838.640137,1343820000
2015/10/13,4809.240234,4858.279785,4793.919922,4796.609863,1565060000
2015/10/14,4801.350098,4820.089844,4771.620117,4782.850098,1902460000
2015/10/15,4799.430176,4870.100098,4795.290039,4870.100098,1942900000
2015/10/16,4872.359863,4886.950195,4851.279785,4886.689941,1855290000
2015/10/19,4873.540039,4915.490234,4865.830078,4905.470215,1619920000
2015/10/20,4900.02002,4909.370117,4866.600098,4880.970215,1711700000
2015/10/21,4903.97998,4904.850098,4836.459961,4840.120117,1895390000
2015/10/22,4875.959961,4926.990234,4861.799805,4920.049805,2156040000
2015/10/23,5024.379883,5048.549805,4999.540039,5031.859863,2178270000
2015/10/26,5030.799805,5045.160156,5012.740234,5034.700195,1758690000
2015/10/27,5018.990234,5040.080078,5009.069824,5030.149902,1986840000
2015/10/28,5040.379883,5095.689941,5019.600098,5095.689941,2141130000
2015/10/29,5071.040039,5084.629883,5066.890137,5074.27002,1928310000
2015/10/30,5079.759766,5085.220215,5053.75,5053.75,2016390000
2015/11/2,5065.640137,5130.509766,5061.470215,5127.149902,1888180000
2015/11/3,5114.310059,5163.470215,5109.680176,5145.129883,2028630000
2015/11/4,5155.620117,5162.569824,5122.779785,5142.47998,2096110000
2015/11/5,5144.149902,5154.859863,5098.490234,5127.740234,2054490000
2015/11/6,5124.040039,5147.120117,5092.870117,5147.120117,2066430000
2015/11/9,5128.939941,5133.439941,5066.100098,5095.299805,1850770000
2015/11/10,5068.549805,5086.879883,5051.220215,5083.240234,1906120000
2015/11/11,5098.129883,5111.189941,5066.680176,5067.02002,1672340000
2015/11/12,5043.100098,5062.490234,5004.459961,5005.080078,1820930000
2015/11/13,4980.859863,4989.060059,4925.350098,4927.879883,2001050000
2015/11/16,4916.140137,4984.910156,4908.660156,4984.620117,1819190000
2015/11/17,4991.709961,5023.450195,4975.740234,4986.02002,1861710000
2015/11/18,5004.600098,5078.799805,5001.669922,5075.200195,2017390000
2015/11/19,5078.669922,5092.459961,5067.27002,5073.640137,1794110000
2015/11/20,5096.959961,5112.459961,5094.319824,5104.919922,1766630000
2015/11/23,5106.720215,5128.080078,5084.850098,5102.47998,1668280000
2015/11/24,5070.660156,5110.75,5050.140137,5102.810059,1956920000
2015/11/25,5106.870117,5124.089844,5101.180176,5116.140137,1539300000
2015/11/27,5121.930176,5134.350098,5108.509766,5127.52002,781730000
2015/11/30,5139.580078,5141.359863,5098.700195,5108.669922,2244550000
2015/12/1,5129.640137,5156.310059,5120.169922,5156.310059,2035570000
2015/12/2,5158.819824,5176.77002,5117.149902,5123.220215,2060340000
2015/12/3,5143.160156,5144.600098,5011.720215,5037.529785,2088100000
2015/12/4,5050.930176,5147,5043.490234,5142.27002,1897490000
2015/12/7,5139.459961,5139.779785,5082.22998,5101.810059,1952690000
2015/12/8,5050.52002,5111.72998,5045.72998,5098.240234,1871450000
2015/12/9,5077.209961,5106.370117,5000.120117,5022.870117,2003450000
2015/12/10,5026.299805,5075.649902,5019.310059,5045.169922,1746520000
2015/12/11,4979.77002,4996.189941,4928.669922,4933.470215,2084950000
2015/12/14,4932.609863,4953.600098,4871.589844,4952.22998,2216060000
2015/12/15,4991.209961,5026.540039,4986.990234,4995.359863,2054710000
2015/12/16,5033.47998,5078.990234,4992.629883,5071.129883,2036610000
2015/12/17,5087.169922,5088.580078,5002.549805,5002.549805,1897220000
2015/12/18,4982.580078,4996.490234,4921.330078,4923.080078,3765210000
2015/12/21,4957.529785,4968.919922,4928.930176,4968.919922,1673400000
2015/12/22,4988.680176,5007.77002,4964.080078,5001.109863,1556670000
2015/12/23,5025.549805,5046.089844,5020.439941,5045.930176,1591490000
2015/12/24,5046.189941,5063.279785,5043.649902,5048.490234,706880000
2015/12/28,5032.290039,5041.27002,4999.069824,5040.990234,1310650000
2015/12/29,5066.52002,5116.990234,5065.890137,5107.939941,1383470000
2015/12/30,5101.180176,5102.350098,5065.680176,5065.850098,1247530000
2015/12/31,5047.040039,5058.060059,5007.009766,5007.410156,1437480000
2016/1/4,4897.649902,4903.089844,4846.97998,4903.089844,2218420000
2016/1/5,4917.839844,4926.72998,4872.740234,4891.430176,1927380000
2016/1/6,4813.759766,4866.040039,4804.689941,4835.759766,2168620000
2016/1/7,4736.399902,4788.02002,4688.169922,4689.430176,2552590000
2016/1/8,4722.02002,4742.569824,4637.850098,4643.629883,2288750000
2016/1/11,4673.439941,4683.02002,4573.779785,4637.990234,2391110000
2016/1/12,4681.540039,4714.799805,4618.029785,4685.919922,2147470000
2016/1/13,4706.02002,4713.97998,4517.560059,4526.060059,2533200000
2016/1/14,4545.370117,4650.549805,4470.589844,4615,2565560000
2016/1/15,4464.370117,4520.450195,4419.410156,4488.419922,2818630000
2016/1/19,4548.049805,4550.569824,4430.77002,4476.950195,2394550000
2016/1/20,4405.220215,4514.919922,4313.390137,4471.689941,3204130000
2016/1/21,4480.700195,4537.149902,4432.02002,4472.060059,2447750000
2016/1/22,4557.390137,4591.180176,4540.27002,4591.180176,2153340000
2016/1/25,4574.589844,4590.439941,4514.779785,4518.490234,2028880000
2016/1/26,4537.040039,4583.209961,4503.529785,4567.669922,1981180000
2016/1/27,4548.870117,4568.850098,4450.830078,4468.169922,2115710000
2016/1/28,4533.810059,4533.810059,4447.5,4506.680176,2322310000
2016/1/29,4512.089844,4613.950195,4511.299805,4613.950195,2617550000
2016/2/1,4587.589844,4636.930176,4565.370117,4620.370117,1983340000
2016/2/2,4588.689941,4589.899902,4503.120117,4516.950195,2185180000
2016/2/3,4543.819824,4547.319824,4424.470215,4504.240234,2466190000
2016/2/4,4492.47998,4545.52002,4463.990234,4509.560059,2200930000
2016/2/5,4491.47998,4493.189941,4350.370117,4363.140137,2489280000
2016/2/8,4288.02002,4301.529785,4212.810059,4283.75,2702070000
2016/2/9,4224.870117,4329.609863,4222.47998,4268.759766,2465790000
2016/2/10,4318.279785,4369.620117,4280.72998,4283.589844,2448380000
2016/2/11,4218.810059,4293.220215,4209.759766,4266.839844,2812330000
2016/2/12,4307.290039,4340.129883,4274.149902,4337.509766,1983190000
2016/2/16,4397.950195,4435.959961,4376.52002,4435.959961,2117920000
2016/2/17,4471.660156,4540.779785,4463.509766,4534.060059,2296440000
2016/2/18,4548.100098,4548.470215,4482.77002,4487.540039,1955870000
2016/2/19,4464.669922,4513.149902,4455.100098,4504.430176,1903770000
2016/2/22,4548.310059,4576.470215,4546.549805,4570.609863,1794020000
2016/2/23,4550.049805,4558.060059,4500.939941,4503.580078,1777750000
2016/2/24,4453.930176,4547.640137,4425.720215,4542.609863,1978180000
2016/2/25,4554.72998,4582.200195,4516.890137,4582.200195,1667840000
2016/2/26,4615.140137,4618.850098,4580.779785,4590.470215,1814920000
2016/2/29,4585.299805,4619.899902,4557.459961,4557.950195,2065260000
2016/3/1,4596.009766,4689.600098,4581.75,4689.600098,2080150000
2016/3/2,4683.799805,4703.580078,4665.930176,4703.419922,1912510000
2016/3/3,4698.379883,4707.720215,4674.459961,4707.419922,1936290000
2016/3/4,4715.759766,4746.649902,4687.939941,4717.02002,2171230000
2016/3/7,4690.879883,4731.189941,4674.819824,4708.25,2084390000
2016/3/8,4676.220215,4695.040039,4642.859863,4648.819824,1993060000
2016/3/9,4666.419922,4676.470215,4642.419922,4674.379883,1789550000
2016/3/10,4691.200195,4716.140137,4607.990234,4662.160156,1936470000
2016/3/11,4712.379883,4748.790039,4700.910156,4748.470215,1801790000
2016/3/14,4733.390137,4762.27002,4731.509766,4750.279785,1615100000
2016/3/15,4731.140137,4735.27002,4712.069824,4728.669922,1692420000
2016/3/16,4717.879883,4774.779785,4716.450195,4763.970215,1781060000
2016/3/17,4752.620117,4788.089844,4737.970215,4774.990234,1907190000
2016/3/18,4784.629883,4804.580078,4772.410156,4795.649902,2829040000
2016/3/21,4787.310059,4814.850098,4785.379883,4808.870117,1609230000
2016/3/22,4783.600098,4835.600098,4781.709961,4821.660156,1596200000
2016/3/23,4813.870117,4816.669922,4765.370117,4768.859863,1732630000
2016/3/24,4743.359863,4773.5,4734.77002,4773.5,1590990000
2016/3/28,4785.25,4787.390137,4760.009766,4766.790039,1381000000
2016/3/29,4756.549805,4849.310059,4749.779785,4846.620117,1806490000
2016/3/30,4875.459961,4899.140137,4859.350098,4869.290039,1717820000
2016/3/31,4869.569824,4891.299805,4864.410156,4869.850098,1774270000
2016/4/1,4842.549805,4917.089844,4832.060059,4914.540039,1812250000
2016/4/4,4911.209961,4917.75,4885.169922,4891.799805,1705730000
2016/4/5,4855.899902,4872.700195,4838.620117,4843.930176,1726010000
2016/4/6,4849.580078,4921.509766,4849.279785,4920.720215,1761770000
2016/4/7,4893.569824,4901.490234,4831.490234,4848.370117,1908940000
2016/4/8,4883.990234,4892.600098,4835.359863,4850.689941,1588830000
2016/4/11,4873.390137,4897.549805,4833.399902,4833.399902,1545540000
2016/4/12,4838.819824,4879.600098,4808.910156,4872.089844,1759280000
2016/4/13,4904.790039,4951.910156,4903.600098,4947.419922,1936450000
2016/4/14,4947.620117,4961.299805,4931.810059,4945.890137,1645810000
2016/4/15,4938.830078,4950.430176,4925.459961,4938.220215,1684790000
2016/4/18,4919.359863,4960.790039,4915.629883,4960.02002,1672260000
2016/4/19,4968.299805,4968.669922,4915.52002,4940.330078,1824250000
2016/4/20,4941.990234,4969.319824,4928.290039,4948.129883,1781340000
2016/4/21,4949.120117,4966.609863,4932.640137,4945.890137,1758190000
2016/4/22,4898.240234,4921.660156,4872.02002,4906.22998,2018930000
2016/4/25,4891.47998,4904.870117,4878.370117,4895.790039,1582270000
2016/4/26,4903.810059,4915,4875.419922,4888.279785,1825020000
2016/4/27,4855.379883,4872.910156,4826.379883,4863.140137,1938780000
2016/4/28,4857.600098,4889.160156,4796.319824,4805.290039,2161400000
2016/4/29,4805.790039,4807.890137,4740.839844,4775.359863,2376460000
2016/5/2,4786.549805,4821.569824,4768.279785,4817.589844,1880460000
2016/5/3,4780.879883,4791.430176,4749.709961,4763.220215,1984340000
2016/5/4,4735.279785,4751.640137,4713.910156,4725.640137,1950800000
2016/5/5,4742.419922,4744.549805,4709.75,4717.089844,1888350000
2016/5/6,4695.899902,4736.160156,4684.279785,4736.160156,1860800000
2016/5/9,4736.350098,4771.939941,4735.060059,4750.209961,1625100000
2016/5/10,4768.910156,4811.299805,4758.200195,4809.879883,1760120000
2016/5/11,4799.299805,4812.189941,4760.359863,4760.689941,1859110000
2016/5/12,4778.189941,4779.459961,4710.169922,4737.330078,1930450000
2016/5/13,4731.069824,4759.290039,4708.259766,4717.680176,1698030000
2016/5/16,4728.859863,4791.25,4724.72998,4775.459961,1741510000
2016/5/17,4768.850098,4776.149902,4703.390137,4715.72998,1925230000
2016/5/18,4705.779785,4762.279785,4704.490234,4739.120117,1934100000
2016/5/19,4717.359863,4735.27002,4678.379883,4712.529785,1805890000
2016/5/20,4729.439941,4781.700195,4729,4769.560059,1970520000
2016/5/23,4771.569824,4792.640137,4763.910156,4765.779785,1865110000
2016/5/24,4792.850098,4865.990234,4792.629883,4861.060059,1942280000
2016/5/25,4877.180176,4905.450195,4872.419922,4894.890137,1784420000
2016/5/26,4897.779785,4909.379883,4887.27002,4901.77002,1606250000
2016/5/27,4904.049805,4933.5,4902.5,4933.5,1505020000
2016/5/31,4938.47998,4951.450195,4923.029785,4948.049805,2285350000
2016/6/1,4928.970215,4958.97998,4923.200195,4952.25,1797090000
2016/6/2,4941.25,4971.359863,4924.22998,4971.359863,1729050000
2016/6/3,4958.100098,4958.649902,4909.209961,4942.52002,1697840000
2016/6/6,4950.459961,4980.140137,4944.870117,4968.709961,1663840000
2016/6/7,4972.129883,4979.379883,4960.279785,4961.75,1747760000
2016/6/8,4970.009766,4979.660156,4956.790039,4974.640137,1692640000
2016/6/9,4954.149902,4965.490234,4940.549805,4958.620117,1632340000
2016/6/10,4915.149902,4917.919922,4880.609863,4894.549805,1822200000
2016/6/13,4868.509766,4894.850098,4844.939941,4848.439941,1888300000
2016/6/14,4836.669922,4863.009766,4811.930176,4843.549805,1919710000
2016/6/15,4855.080078,4868.160156,4830.330078,4834.930176,1802200000
2016/6/16,4809.689941,4847.859863,4778.779785,4844.919922,1851770000
2016/6/17,4835.02002,4835.02002,4792.339844,4800.339844,2638220000
2016/6/20,4856.689941,4882.149902,4834.509766,4837.209961,1779560000
2016/6/21,4845.080078,4852.189941,4826.589844,4843.759766,1698080000
2016/6/22,4846.680176,4875.930176,4830,4833.319824,1682220000
2016/6/23,4872.189941,4910.040039,4859.399902,4910.040039,1738570000
2016/6/24,4715.790039,4798.220215,4698.419922,4707.97998,4411040000
2016/6/27,4664.430176,4665.040039,4574.25,4594.439941,2659650000
2016/6/28,4643.930176,4692.97998,4643.930176,4691.870117,2074090000
2016/6/29,4732.930176,4787.589844,4732.339844,4779.25,2116550000
2016/6/30,4793.75,4843.109863,4774.52002,4842.669922,2171180000
2016/7/1,4837.180176,4880.169922,4837.169922,4862.569824,1745130000
2016/7/5,4837.060059,4839.129883,4797.290039,4822.899902,1690340000
2016/7/6,4799.319824,4861.049805,4786.009766,4859.160156,1876090000
2016/7/7,4867.470215,4889.009766,4853.680176,4876.810059,1672770000
2016/7/8,4906.660156,4959,4901.27002,4956.759766,1947260000
2016/7/11,4976.540039,5002.5,4976.540039,4988.640137,1718450000
2016/7/12,5017.990234,5032.100098,5009.680176,5022.819824,1866280000
2016/7/13,5036.319824,5036.379883,5002.819824,5005.72998,1650820000
2016/7/14,5041.950195,5045.180176,5025.149902,5034.060059,1641170000
2016/7/15,5041.189941,5044.810059,5018.52002,5029.589844,1610300000
2016/7/18,5034.990234,5063.529785,5030.129883,5055.779785,1585570000
2016/7/19,5038.220215,5052.240234,5028.240234,5036.370117,1694740000
2016/7/20,5061.600098,5098.25,5053.919922,5089.930176,1877330000
2016/7/21,5093.970215,5102.779785,5061.109863,5073.899902,1880310000
2016/7/22,5078.120117,5103.52002,5064.109863,5100.160156,1639000000
2016/7/25,5096.990234,5100.720215,5082.660156,5097.629883,1770620000
2016/7/26,5095.609863,5122.299805,5084.180176,5110.049805,2038060000
2016/7/27,5143.839844,5151.060059,5120.660156,5139.810059,2122250000
2016/7/28,5144.819824,5160.160156,5130.75,5154.97998,1950910000
2016/7/29,5162.149902,5175.810059,5140.049805,5162.129883,2072640000
2016/8/1,5167.419922,5199.129883,5158.930176,5184.200195,1866590000
2016/8/2,5177.529785,5181.02002,5109.799805,5137.72998,2142010000
2016/8/3,5133.240234,5159.740234,5128.439941,5159.740234,1909470000
2016/8/4,5158.02002,5174,5145.390137,5166.25,1930000000
2016/8/5,5190.709961,5227.22998,5186.25,5221.120117,2017720000
2016/8/8,5223.540039,5228.399902,5202.180176,5213.140137,1624450000
2016/8/9,5216.209961,5238.540039,5214.950195,5225.47998,1664320000
2016/8/10,5227.950195,5227.959961,5193.799805,5204.580078,1651240000
2016/8/11,5222.149902,5235.290039,5211.25,5228.399902,1511670000
2016/8/12,5219.660156,5233.339844,5215.549805,5232.890137,1501620000
2016/8/15,5242.180176,5271.359863,5241.140137,5262.02002,1533170000
2016/8/16,5247.959961,5248.259766,5226.779785,5227.109863,1698390000
2016/8/17,5228.439941,5230.089844,5197.22998,5228.660156,1747890000
2016/8/18,5226.450195,5243.169922,5221.839844,5240.149902,1659080000
2016/8/19,5229.870117,5245.810059,5217.649902,5238.379883,1632740000
2016/8/22,5231.459961,5252.129883,5224.629883,5244.600098,1560210000
2016/8/23,5265.779785,5275.740234,5257.899902,5260.080078,1547050000
2016/8/24,5254.419922,5262.990234,5205.640137,5217.689941,1714780000
2016/8/25,5207.609863,5230.589844,5201.640137,5212.200195,1511890000
2016/8/26,5219.049805,5253.390137,5191.859863,5218.919922,1591060000
2016/8/29,5223.799805,5245.120117,5222.339844,5232.330078,1416640000
2016/8/30,5229.879883,5241.620117,5205.609863,5222.990234,1561020000
2016/8/31,5216.419922,5219.890137,5191.180176,5213.220215,1761770000
2016/9/1,5218.279785,5229.939941,5189.359863,5227.209961,1592520000
2016/9/2,5249.660156,5263.390137,5231.02002,5249.899902,1474200000
2016/9/6,5260,5275.910156,5244,5275.910156,1777940000
2016/9/7,5274.22998,5287.609863,5261.919922,5283.930176,1878460000
2016/9/8,5269.959961,5271.009766,5248.410156,5259.47998,1839790000
2016/9/9,5217.950195,5225.930176,5125.910156,5125.910156,2208690000
2016/9/12,5098.029785,5217.879883,5097.799805,5211.890137,2007610000
2016/9/13,5181.140137,5195.029785,5131.27002,5155.25,2071460000
2016/9/14,5160.209961,5201.339844,5159.549805,5173.77002,1902680000
2016/9/15,5178.100098,5254.779785,5176.25,5249.689941,1950940000
2016/9/16,5238.709961,5248.600098,5218.970215,5244.569824,3013860000
2016/9/19,5263.549805,5281.069824,5222.910156,5235.029785,1791120000
2016/9/20,5256.189941,5265.180176,5235.419922,5241.350098,1695190000
2016/9/21,5263.649902,5299.399902,5233.939941,5295.180176,1999690000
2016/9/22,5323.259766,5342.879883,5320.930176,5339.52002,1882100000
2016/9/23,5327.430176,5329.709961,5301.629883,5305.75,1761330000
2016/9/26,5275.72998,5282.27002,5254.959961,5257.490234,1669520000
2016/9/27,5254.180176,5306.810059,5251.319824,5305.709961,1751060000
2016/9/28,5312.72998,5320.620117,5284.839844,5318.549805,1785470000
2016/9/29,5311.310059,5317,5254.52002,5269.149902,1941170000
2016/9/30,5288.870117,5325.879883,5277.879883,5312,2059800000
2016/10/3,5300.290039,5308.600098,5281.950195,5300.870117,1604060000
2016/10/4,5313.490234,5323.600098,5271.700195,5289.660156,1708990000
2016/10/5,5305.279785,5330.810059,5304.060059,5316.02002,1753340000
2016/10/6,5306.589844,5315.72998,5281.470215,5306.850098,1654020000
2016/10/7,5314.919922,5315.649902,5266.799805,5292.399902,1646650000
2016/10/10,5318.459961,5340.52002,5317.72998,5328.669922,1364150000
2016/10/11,5321.819824,5321.819824,5227.430176,5246.790039,1821680000
2016/10/12,5247.910156,5257.180176,5228.77002,5239.02002,1565940000
2016/10/13,5200.299805,5228.259766,5169.759766,5213.330078,1735310000
2016/10/14,5241.259766,5258.879883,5213.370117,5214.160156,1594480000
2016/10/17,5213.689941,5219.97998,5196.029785,5199.819824,1424270000
2016/10/18,5255.319824,5264.27002,5239.439941,5243.839844,1474430000
2016/10/19,5240.330078,5253.830078,5234.25,5246.410156,1546960000
2016/10/20,5238.200195,5252.100098,5216.049805,5241.830078,1741820000
2016/10/21,5238.649902,5259.129883,5225.759766,5257.399902,1649470000
2016/10/24,5290.310059,5311.5,5289.22998,5309.830078,1531970000
2016/10/25,5306.470215,5310.27002,5278.569824,5283.399902,1579490000
2016/10/26,5256.399902,5280.850098,5237.049805,5250.27002,1725900000
2016/10/27,5272.189941,5274.120117,5211.75,5215.970215,1918690000
2016/10/28,5203.700195,5232.350098,5178.759766,5190.100098,1895970000
2016/10/31,5205.089844,5206.709961,5186.560059,5189.140137,1707260000
2016/11/1,5199.77002,5201.129883,5112.319824,5153.580078,1878650000
2016/11/2,5147.279785,5156.700195,5097.560059,5105.569824,2105870000
2016/11/3,5104.700195,5115.060059,5053.52002,5058.410156,2107720000
2016/11/4,5034.410156,5087.509766,5034.410156,5046.370117,2015130000
2016/11/7,5128.990234,5169.410156,5122.77002,5166.169922,1914310000
2016/11/8,5154.990234,5214.169922,5145.299805,5193.490234,1736100000
2016/11/9,5143.859863,5258.990234,5143.859863,5251.069824,2824560000
2016/11/10,5283.47998,5302.680176,5145.319824,5208.799805,2984360000
2016/11/11,5191.819824,5241.080078,5179.640137,5237.109863,2285050000
2016/11/14,5246.330078,5247.169922,5192.049805,5218.399902,2369190000
2016/11/15,5241.350098,5287.060059,5236.25,5275.620117,2156500000
2016/11/16,5253.740234,5299.629883,5251.879883,5294.580078,2057140000
2016/11/17,5295.069824,5334.049805,5288.160156,5333.970215,2081760000
2016/11/18,5340.970215,5346.799805,5315.529785,5321.509766,1858610000
2016/11/21,5336.779785,5369.830078,5334.160156,5368.859863,1745320000
2016/11/22,5384.75,5392.259766,5365.600098,5386.350098,1886800000
2016/11/23,5366.549805,5380.680176,5350.680176,5380.680176,1616740000
2016/11/25,5388.490234,5398.919922,5379.279785,5398.919922,768070000
2016/11/28,5387.919922,5396.27002,5364.910156,5368.810059,1625620000
2016/11/29,5370.97998,5403.859863,5360.560059,5379.919922,1788790000
2016/11/30,5391.350098,5393.149902,5323.680176,5323.680176,2064430000
2016/12/1,5323.879883,5326.339844,5238.209961,5251.109863,2264960000
2016/12/2,5249.02002,5274.540039,5239.27002,5255.649902,1848930000
2016/12/5,5283.580078,5321.089844,5269.569824,5308.890137,1798160000
2016/12/6,5317.740234,5333.990234,5299.939941,5333,1974850000
2016/12/7,5322.669922,5397.930176,5307.310059,5393.759766,2122590000
2016/12/8,5394.149902,5425.52002,5389.100098,5417.359863,2231070000
2016/12/9,5436.109863,5450.160156,5427.120117,5444.5,2038700000
2016/12/12,5428.220215,5434.899902,5394.419922,5412.540039,1927560000
2016/12/13,5433.569824,5486.75,5430.720215,5463.830078,2085710000
2016/12/14,5465.689941,5476.25,5425.72998,5436.669922,1974150000
2016/12/15,5443.509766,5485.120117,5439.390137,5456.850098,2095910000
2016/12/16,5467.819824,5474.580078,5426.009766,5437.160156,3257750000
2016/12/19,5441.200195,5483.419922,5436.540039,5457.439941,1685800000
2016/12/20,5473.529785,5489.470215,5471.709961,5483.939941,1678040000
2016/12/21,5482.629883,5486.259766,5465.310059,5471.430176,1493900000
2016/12/22,5472.009766,5472.009766,5432.77002,5447.419922,1582600000
2016/12/23,5441.759766,5462.689941,5441.759766,5462.689941,1144280000
2016/12/27,5470.759766,5512.370117,5469.609863,5487.439941,1216870000
2016/12/28,5497.439941,5498.910156,5434.700195,5438.560059,1322130000
2016/12/29,5437.509766,5450.629883,5415.180176,5432.089844,1264480000
2016/12/30,5440.169922,5441.899902,5371.890137,5383.120117,1550820000
2017/1/3,5425.620117,5452.569824,5397.990234,5429.080078,1886200000
2017/1/4,5440.910156,5482.350098,5440.240234,5477,1883360000
2017/1/5,5474.390137,5495.850098,5464.359863,5487.939941,1792610000
2017/1/6,5499.080078,5536.52002,5482.810059,5521.060059,1710770000
2017/1/9,5527.580078,5541.080078,5517.140137,5531.819824,1885500000
2017/1/10,5536.540039,5564.25,5528.109863,5551.819824,1796500000
2017/1/11,5550.720215,5564.080078,5524.029785,5563.649902,1954720000
2017/1/12,5542.560059,5550.669922,5496.819824,5547.490234,1801750000
2017/1/13,5557.569824,5584.259766,5557.200195,5574.120117,1605110000
2017/1/17,5555.160156,5557.049805,5527.220215,5538.72998,1757030000
2017/1/18,5546.939941,5555.97998,5534.77002,5555.649902,1683320000
2017/1/19,5560.609863,5571.529785,5528.370117,5540.080078,1805710000
2017/1/20,5556.870117,5574.350098,5542.22998,5555.330078,1740320000
2017/1/23,5546.640137,5564.140137,5522.689941,5552.939941,1650290000
2017/1/24,5568.27002,5606.529785,5558.490234,5600.959961,1805370000
2017/1/25,5635.859863,5658.589844,5634.330078,5656.339844,1959950000
2017/1/26,5666.279785,5669.609863,5647.649902,5655.180176,1827490000
2017/1/27,5664.879883,5667.450195,5643.899902,5660.779785,1663400000
2017/1/30,5635.859863,5636.089844,5578.759766,5613.709961,1777090000
2017/1/31,5592.870117,5615.149902,5576.089844,5614.790039,2041480000
2017/2/1,5654.509766,5662.109863,5621.029785,5642.649902,2223560000
2017/2/2,5627.149902,5656.009766,5616.399902,5636.200195,2073980000
2017/2/3,5650.72998,5666.839844,5647.580078,5666.77002,1786860000
2017/2/6,5656.950195,5668.200195,5650.259766,5663.549805,1732280000
2017/2/7,5674.859863,5689.600098,5664.819824,5674.220215,1919100000
2017/2/8,5662.950195,5686.959961,5649.390137,5682.450195,1945060000
2017/2/9,5688.02002,5722.709961,5685.149902,5715.180176,1943840000
2017/2/10,5726.169922,5743.430176,5717.419922,5734.129883,1852010000
2017/2/13,5753.189941,5770.990234,5751.919922,5763.959961,1840010000
2017/2/14,5756.509766,5783.089844,5748.740234,5782.569824,1945160000
2017/2/15,5777.899902,5821.950195,5776.700195,5819.439941,2083660000
2017/2/16,5823.009766,5835.149902,5796.709961,5814.899902,1943600000
2017/2/17,5807.310059,5838.580078,5800.799805,5838.580078,1875580000
2017/2/21,5850.200195,5867.890137,5847.5,5865.950195,1935110000
2017/2/22,5857.560059,5864.419922,5848.279785,5860.629883,1872330000
2017/2/23,5866.819824,5866.959961,5809.549805,5835.509766,1879670000
2017/2/24,5802.330078,5845.310059,5800.549805,5845.310059,1683280000
2017/2/27,5835.040039,5861.899902,5827,5861.899902,1876090000
2017/2/28,5852.790039,5855.069824,5817.220215,5825.439941,2298380000
2017/3/1,5874.859863,5911.790039,5865.790039,5904.029785,2210360000
2017/3/2,5897.009766,5897.009766,5856.299805,5861.220215,2040770000
2017/3/3,5854.27002,5870.75,5841.470215,5870.75,1852130000
2017/3/6,5846.419922,5857.740234,5827.459961,5849.180176,1767840000
2017/3/7,5836.120117,5859.77002,5826.319824,5833.930176,1822000000
2017/3/8,5838.439941,5860.629883,5832.629883,5837.549805,1810480000
2017/3/9,5834.669922,5852.540039,5812.080078,5838.810059,1883930000
2017/3/10,5867.160156,5872.600098,5835.439941,5861.72998,1982150000
2017/3/13,5863.47998,5877.430176,5860.830078,5875.779785,1799340000
2017/3/14,5860.069824,5860.5,5831.879883,5856.819824,1663170000
2017/3/15,5869.97998,5911.200195,5858.160156,5900.049805,1952690000
2017/3/16,5907.859863,5911.47998,5887.240234,5900.759766,1766980000
2017/3/17,5898.580078,5912.609863,5890.419922,5901,3184130000
2017/3/20,5898.810059,5915.120117,5888.120117,5901.529785,1730550000
2017/3/21,5923.419922,5928.060059,5790.72998,5793.830078,2192090000
2017/3/22,5790.589844,5825.669922,5781.799805,5821.640137,1857680000
2017/3/23,5812.310059,5842.819824,5806.97998,5817.689941,1742640000
2017/3/24,5839.330078,5858.950195,5807.830078,5828.740234,1841920000
2017/3/27,5776.330078,5849.200195,5769.390137,5840.370117,1670760000
2017/3/28,5836.5,5888.700195,5828.859863,5875.140137,1820860000
2017/3/29,5875.350098,5900.870117,5870.930176,5897.549805,1718680000
2017/3/30,5896.149902,5916.77002,5894,5914.339844,1723770000
2017/3/31,5905.629883,5927.810059,5901.77002,5911.740234,1902800000
2017/4/3,5917.319824,5928.930176,5867.72998,5894.680176,1854200000
2017/4/4,5878.759766,5901.390137,5878.759766,5898.609863,1790840000
2017/4/5,5911.919922,5936.390137,5856.259766,5864.47998,2204490000
2017/4/6,5870.52002,5889.580078,5856.220215,5878.950195,1845800000
2017/4/7,5873.939941,5892.069824,5855.509766,5877.810059,1692150000
2017/4/10,5883.430176,5907.850098,5865.560059,5880.930176,1630070000
2017/4/11,5871.160156,5878.939941,5819.290039,5866.77002,1821650000
2017/4/12,5863.589844,5868.089844,5830.439941,5836.160156,1658960000
2017/4/13,5828.370117,5856.540039,5805.149902,5805.149902,1581870000
2017/4/17,5821.549805,5856.790039,5818.200195,5856.790039,1381290000
2017/4/18,5838.589844,5860.040039,5828.569824,5849.470215,1608870000
2017/4/19,5874.430176,5894.680176,5856.339844,5863.029785,1752620000
2017/4/20,5887.870117,5926.22998,5880.200195,5916.779785,1749110000
2017/4/21,5919.02002,5919.22998,5899.430176,5910.52002,1723210000
2017/4/24,5979.959961,5989.919922,5970.25,5983.819824,1836570000
2017/4/25,6004.160156,6036.02002,6002.649902,6025.490234,1895430000
2017/4/26,6028.120117,6040.890137,6021.720215,6025.22998,1894210000
2017/4/27,6038.470215,6050.700195,6031.589844,6048.939941,1876700000
2017/4/28,6072.870117,6074.040039,6040.709961,6047.609863,1995160000
2017/5/1,6067.560059,6100.72998,6061.350098,6091.600098,1757000000
2017/5/2,6102.509766,6102.720215,6081.560059,6095.370117,2146730000
2017/5/3,6075.040039,6076.959961,6053.279785,6072.549805,2149360000
2017/5/4,6075.060059,6080.819824,6054.330078,6075.339844,2056270000
2017/5/5,6091.689941,6100.759766,6067.160156,6100.759766,1899570000
2017/5/8,6100.660156,6106.120117,6083.060059,6102.660156,1909710000
2017/5/9,6111.819824,6133,6107.589844,6120.589844,1997490000
2017/5/10,6121.640137,6131.640137,6103.870117,6129.140137,2108000000
2017/5/11,6110.049805,6120.200195,6075.680176,6115.959961,1950910000
2017/5/12,6119.27002,6122.839844,6105.419922,6121.22998,1740960000
2017/5/15,6128.109863,6153.040039,6124.790039,6149.669922,1850790000
2017/5/16,6160.52002,6170.160156,6139.100098,6169.870117,1999330000
2017/5/17,6108.620117,6122.870117,6009.47998,6011.240234,2347480000
2017/5/18,5998.459961,6073.450195,5996.810059,6055.129883,2131520000
2017/5/19,6070.22998,6106.549805,6070.22998,6083.700195,1905520000
2017/5/22,6098.25,6135.919922,6097.240234,6133.620117,1726230000
2017/5/23,6149.549805,6150.910156,6121.790039,6138.709961,1705860000
2017/5/24,6154.180176,6166.089844,6139.330078,6163.02002,1666050000
2017/5/25,6183.02002,6217.339844,6174.52002,6205.259766,1767690000
2017/5/26,6207.040039,6211.52002,6196.660156,6210.189941,1571040000
2017/5/30,6204.180176,6217.129883,6200.410156,6203.189941,1688480000
2017/5/31,6221.629883,6221.990234,6164.069824,6198.52002,2209400000
2017/6/1,6215.910156,6247.069824,6200.450195,6246.830078,1943610000
2017/6/2,6261.589844,6308.759766,6253.77002,6305.799805,1820000000
2017/6/5,6305.470215,6310.620117,6292.149902,6295.680176,1739820000
2017/6/6,6281.879883,6304.209961,6269.870117,6275.060059,1889690000
2017/6/7,6290.439941,6302.779785,6267.180176,6297.379883,1822270000
2017/6/8,6311.72998,6324.060059,6282.930176,6321.759766,2128780000
2017/6/9,6330.25,6341.700195,6137.680176,6207.919922,3152050000
2017/6/12,6153.560059,6183.810059,6110.669922,6175.459961,2586540000
2017/6/13,6206.120117,6226.410156,6180.040039,6220.370117,2062110000
2017/6/14,6237.459961,6237.529785,6153.549805,6194.890137,1940440000
2017/6/15,6127.049805,6170.149902,6107.850098,6165.5,1858130000
2017/6/16,6154.279785,6161.560059,6125.5,6151.759766,3120640000
2017/6/19,6196.850098,6243.310059,6194,6239.009766,1976970000
2017/6/20,6229.620117,6234.009766,6186.939941,6188.029785,2570130000
2017/6/21,6202.75,6236.660156,6200.859863,6233.950195,2401440000
2017/6/22,6239.149902,6257.680176,6221.959961,6236.689941,2170250000
2017/6/23,6234.350098,6269.370117,6218.779785,6265.25,4158700000
2017/6/26,6292.72998,6303.450195,6233.430176,6247.149902,2150630000
2017/6/27,6227.899902,6234.319824,6146.620117,6146.620117,2181830000
2017/6/28,6173.100098,6238.290039,6144.799805,6234.410156,2069400000
2017/6/29,6215.490234,6216.600098,6087.810059,6144.350098,2402250000
2017/6/30,6166.839844,6170.629883,6129.040039,6140.419922,1998330000
2017/7/3,6173.290039,6177.359863,6106.120117,6110.060059,1099560000
2017/7/5,6122.060059,6163.620117,6100.419922,6150.859863,1872130000
2017/7/6,6109.600098,6127.97998,6081.959961,6089.459961,1990590000
2017/7/7,6111.209961,6164.939941,6111.209961,6153.080078,1700630000
2017/7/10,6156.029785,6191.27002,6141.830078,6176.390137,1675470000
2017/7/11,6171.25,6200.580078,6149.870117,6193.299805,1808110000
2017/7/12,6238.899902,6265.640137,6236.819824,6261.169922,1820550000
2017/7/13,6269.100098,6281.450195,6251.259766,6274.439941,1803810000
2017/7/14,6289.080078,6321.759766,6278.700195,6312.470215,1608120000
2017/7/17,6320.350098,6330.970215,6307.339844,6314.430176,1558030000
2017/7/18,6304.819824,6344.549805,6291.069824,6344.310059,1762400000
2017/7/19,6363.240234,6387.72998,6362.189941,6385.040039,1862910000
2017/7/20,6396.459961,6398.259766,6365.680176,6390,1818880000
2017/7/21,6383.049805,6388.779785,6365.120117,6387.75,1797100000
2017/7/24,6387.819824,6417.700195,6380.609863,6410.810059,1735520000
2017/7/25,6407.589844,6425.450195,6396.870117,6412.169922,1925230000
2017/7/26,6425.930176,6432.379883,6416.299805,6422.75,1988040000
2017/7/27,6459.759766,6460.839844,6318.620117,6382.189941,2483560000
2017/7/28,6350.27002,6379.700195,6337.220215,6374.680176,1860770000
2017/7/31,6394.689941,6396.589844,6338.790039,6348.120117,1891710000
2017/8/1,6372.160156,6375.75,6345.75,6362.939941,1812590000
2017/8/2,6393.100098,6394.209961,6313.430176,6362.649902,2104130000
2017/8/3,6366.240234,6368.529785,6331.140137,6340.339844,2113440000
2017/8/4,6350.790039,6361.490234,6329.72998,6351.560059,1907170000
2017/8/7,6361.060059,6386.029785,6356.22998,6383.77002,1701550000
2017/8/8,6373.330078,6423.350098,6355.879883,6370.459961,1914670000
2017/8/9,6322.919922,6355.040039,6309.439941,6352.330078,2033760000
2017/8/10,6312.649902,6318.279785,6214.410156,6216.870117,2204700000
2017/8/11,6222.180176,6266.890137,6216.189941,6256.560059,1794850000
2017/8/14,6306.109863,6346.830078,6305.549805,6340.22998,1698560000
2017/8/15,6350.509766,6350.740234,6324.75,6333.009766,1580060000
2017/8/16,6348.109863,6374.560059,6330.27002,6345.109863,1804730000
2017/8/17,6322.720215,6334.22998,6221.910156,6221.910156,2041220000
2017/8/18,6222.459961,6254.220215,6193.379883,6216.529785,1964590000
2017/8/21,6216.319824,6226.930176,6177.189941,6213.129883,1576070000
2017/8/22,6241.209961,6302.839844,6241.209961,6297.47998,1597700000
2017/8/23,6263.470215,6291.299805,6263.290039,6278.410156,1533220000
2017/8/24,6294.819824,6302.850098,6244.569824,6271.330078,1616780000
2017/8/25,6293.810059,6308.720215,6257.100098,6265.640137,1442900000
2017/8/28,6286.009766,6292.259766,6267.850098,6283.02002,1558690000
2017/8/29,6228.899902,6311.259766,6228.72998,6301.890137,1637640000
2017/8/30,6308.680176,6374.470215,6303.569824,6368.310059,1712070000
2017/8/31,6385.799805,6435.27002,6383.580078,6428.660156,1885710000
2017/9/1,6442.169922,6449.649902,6417.870117,6435.330078,1488040000
2017/9/5,6414.819824,6426.509766,6334.589844,6375.569824,1886950000
2017/9/6,6394.350098,6407.399902,6356.200195,6393.310059,1906030000
2017/9/7,6402.939941,6413.069824,6379.810059,6397.870117,1998380000
2017/9/8,6389.649902,6391.410156,6354.959961,6360.189941,1785560000
2017/9/11,6411.180176,6439.109863,6410.709961,6432.259766,1819300000
2017/9/12,6448.810059,6455.029785,6429.540039,6454.279785,1745090000
2017/9/13,6440.720215,6460.419922,6433.200195,6460.189941,1942090000
2017/9/14,6439.459961,6455.319824,6424.040039,6429.080078,1809170000
2017/9/15,6426.160156,6464.27002,6419.649902,6448.470215,2821110000
2017/9/18,6460.100098,6477.77002,6438.410156,6454.640137,1874440000
2017/9/19,6465.569824,6467.790039,6446.75,6461.319824,1809710000
2017/9/20,6459.740234,6466.049805,6414.22998,6456.040039,2052520000
2017/9/21,6448.569824,6448.569824,6405.299805,6422.689941,1772790000
2017/9/22,6401.439941,6429.540039,6400.810059,6426.919922,1639100000
2017/9/25,6403.109863,6408.049805,6343.959961,6370.589844,2050410000
2017/9/26,6391.850098,6405,6364.569824,6380.160156,1926420000
2017/9/27,6414.370117,6472.649902,6405.359863,6453.259766,2053720000
2017/9/28,6437.959961,6456.22998,6427.660156,6453.450195,1828570000
2017/9/29,6461.279785,6497.97998,6454.859863,6495.959961,1967720000
2017/10/2,6506.080078,6527.220215,6484.140137,6516.720215,1977030000
2017/10/3,6523.740234,6532.180176,6509.709961,6531.709961,1969320000
2017/10/4,6521.959961,6546.459961,6513.120117,6534.629883,1938440000
2017/10/5,6552.870117,6587.209961,6547.649902,6585.359863,1875670000
2017/10/6,6566.950195,6590.180176,6566.839844,6590.180176,1742470000
2017/10/9,6597.370117,6599.339844,6572.439941,6579.72998,1490620000
2017/10/10,6602.490234,6608.299805,6561.779785,6587.25,1799400000
2017/10/11,6586.72998,6604.209961,6577.990234,6603.549805,1830360000
2017/10/12,6594.759766,6613.5,6586.319824,6591.509766,2000470000
2017/10/13,6613.209961,6616.580078,6602.200195,6605.799805,1756150000
2017/10/16,6622.549805,6632.5,6607.029785,6624,1629480000
2017/10/17,6621.419922,6628.600098,6613.209961,6623.660156,1647240000
2017/10/18,6634.259766,6635.52002,6613.549805,6624.220215,1734030000
2017/10/19,6583.700195,6605.290039,6558.529785,6605.069824,1823860000
2017/10/20,6633.370117,6640.029785,6622.919922,6629.049805,1794810000
2017/10/23,6641.569824,6641.569824,6581.149902,6586.830078,1809320000
2017/10/24,6598.609863,6611.899902,6582.060059,6598.430176,1842640000
2017/10/25,6587.220215,6600.640137,6517.930176,6563.890137,2190720000
2017/10/26,6567.589844,6582.759766,6550.029785,6556.77002,2108210000
2017/10/27,6635.029785,6708.129883,6625.779785,6701.259766,2403600000
2017/10/30,6693.77002,6727.390137,6677.149902,6698.959961,2013640000
2017/10/31,6713.709961,6737.75,6705.790039,6727.669922,2043890000
2017/11/1,6758.640137,6759.660156,6691.47998,6716.529785,2056860000
2017/11/2,6709.390137,6719.970215,6677.549805,6714.939941,2262940000
2017/11/3,6737.089844,6765.140137,6712.930176,6764.439941,2195010000
2017/11/6,6763.299805,6790.669922,6763.169922,6786.439941,2166470000
2017/11/7,6785.439941,6795.52002,6750.350098,6767.779785,2205270000
2017/11/8,6764.850098,6791.649902,6753.339844,6789.120117,2110990000
2017/11/9,6737.450195,6758.930176,6687.279785,6750.049805,2235180000
2017/11/10,6736.390137,6757.339844,6727.350098,6750.939941,1973970000
2017/11/13,6727.390137,6766.299805,6723.430176,6757.600098,1973790000
2017/11/14,6733.870117,6743.629883,6709.27002,6737.870117,1983830000
2017/11/15,6700.680176,6725.319824,6667.310059,6706.209961,1908660000
2017/11/16,6742.339844,6806.669922,6742.339844,6793.290039,2002920000
2017/11/17,6794.450195,6797.75,6777.430176,6782.790039,1988090000
2017/11/20,6789.279785,6795.830078,6779.490234,6790.709961,1800880000
2017/11/21,6820.549805,6862.660156,6820.02002,6862.47998,1883550000
2017/11/22,6869.529785,6874.52002,6859.279785,6867.359863,1588200000
2017/11/24,6878.109863,6890.02002,6873.740234,6889.160156,848520000
2017/11/27,6889.910156,6897.430176,6867.890137,6878.52002,1773400000
2017/11/28,6893.720215,6914.189941,6866.209961,6912.359863,2000410000
2017/11/29,6907.279785,6908.330078,6793.950195,6824.390137,2452860000
2017/11/30,6852.799805,6888.649902,6838.47998,6873.970215,2458580000
2017/12/1,6844.040039,6872.169922,6737.160156,6847.589844,2293570000
2017/12/4,6897.129883,6899.22998,6770.689941,6775.370117,2426570000
2017/12/5,6759.140137,6836.450195,6752.319824,6762.209961,2083540000
2017/12/6,6742.069824,6787.419922,6734.129883,6776.379883,1891850000
2017/12/7,6785.740234,6829.290039,6778.200195,6812.839844,1934120000
2017/12/8,6859.950195,6870.47998,6831.609863,6840.080078,1806040000
2017/12/11,6847.640137,6879.799805,6844.879883,6875.080078,1818970000
2017/12/12,6872.709961,6884.799805,6856.299805,6862.319824,1861560000
2017/12/13,6880.410156,6897.620117,6871.870117,6875.799805,1919560000
2017/12/14,6887.379883,6901.129883,6851.629883,6856.529785,1985200000
2017/12/15,6871.549805,6945.819824,6871.450195,6936.580078,3510420000
2017/12/18,6980.399902,7003.890137,6975.540039,6994.759766,2144360000
2017/12/19,6991.25,6995.879883,6951.490234,6963.850098,2071060000
2017/12/20,6991.25,6991.25,6935.419922,6960.959961,1874550000
2017/12/21,6972.879883,6992.629883,6961.209961,6965.359863,1815620000
2017/12/22,6958.02002,6962.259766,6944.450195,6959.959961,1539250000
2017/12/26,6928.919922,6942.140137,6915.560059,6936.25,1304340000
2017/12/27,6941.450195,6955.379883,6931.339844,6939.339844,1409540000
2017/12/28,6953.379883,6954.799805,6936.75,6950.160156,1311320000
2017/12/29,6952.609863,6954.97998,6903.390137,6903.390137,1571730000
2018/1/2,6937.649902,7006.910156,6924.080078,7006.899902,1914930000
2018/1/3,7017.069824,7069.149902,7016.700195,7065.529785,2166780000
2018/1/4,7089.5,7098.049805,7072.379883,7077.910156,2098890000
2018/1/5,7105.740234,7137.040039,7097.080078,7136.560059,2020900000
2018/1/8,7135.379883,7161.350098,7124.089844,7157.390137,2051430000
2018/1/9,7174.189941,7181.140137,7148.299805,7163.580078,0
2018/1/10,7129.830078,7154.240234,7111.52002,7153.569824,2122740000
2018/1/11,7168.72998,7211.779785,7163.22998,7211.779785,2009740000
2018/1/12,7208.169922,7265.259766,7205.180176,7261.060059,1976200000
2018/1/16,7307.189941,7330.330078,7205.930176,7223.689941,2377140000
2018/1/17,7257.77002,7309.359863,7229.319824,7298.279785,2238070000
2018/1/18,7293.649902,7313.890137,7276.109863,7296.049805,2026220000
2018/1/19,7312,7336.379883,7297.279785,7336.379883,1997270000
2018/1/22,7338.040039,7408.029785,7332.810059,7408.029785,2106070000
2018/1/23,7424.950195,7465.390137,7423.180176,7460.290039,2119840000
2018/1/24,7474.160156,7486.319824,7376.75,7415.060059,2277010000
2018/1/25,7457.950195,7458.529785,7388.580078,7411.160156,2061450000
2018/1/26,7448.330078,7505.77002,7431.220215,7505.77002,2059010000
2018/1/29,7484.470215,7500.609863,7455.549805,7466.509766,2103380000
2018/1/30,7388.890137,7433.649902,7373.990234,7402.47998,2163980000
2018/1/31,7443.25,7453.990234,7381.120117,7411.47998,2407540000
2018/2/1,7377.169922,7441.089844,7362.279785,7385.859863,2291680000
2018/2/2,7347.589844,7364.430176,7238.180176,7240.950195,2587770000
2018/2/5,7165.959961,7277.359863,6967.529785,6967.529785,3106870000
2018/2/6,6837.560059,7126.549805,6824.819824,7115.879883,3131030000
2018/2/7,7086.200195,7170.339844,7051.529785,7051.97998,2366970000
2018/2/8,7067.299805,7073.990234,6776.77002,6777.160156,2707700000
2018/2/9,6863.339844,6917.009766,6630.669922,6874.490234,3155990000
2018/2/12,6936.680176,7023.620117,6879.689941,6981.959961,2240420000
2018/2/13,6942.160156,7025.680176,6938.160156,7013.509766,1816670000
2018/2/14,6979.240234,7152.049805,6977.069824,7143.620117,2211460000
2018/2/15,7200.75,7256.930176,7130.390137,7256.430176,2110700000
2018/2/16,7236.509766,7303.259766,7226.379883,7239.470215,2019830000
2018/2/20,7209.029785,7295.950195,7206,7234.310059,1911170000
2018/2/21,7258.47998,7338.640137,7218.109863,7218.22998,1946010000
2018/2/22,7252.459961,7280.930176,7194.839844,7210.089844,1911900000
2018/2/23,7261.350098,7337.830078,7232.5,7337.390137,1879460000
2018/2/26,7373.299805,7421.850098,7360.25,7421.459961,1866610000
2018/2/27,7416.169922,7438.089844,7330.350098,7330.350098,2155850000
2018/2/28,7371.410156,7386.799805,7273.009766,7273.009766,2373880000
2018/3/1,7274.75,7307.850098,7117.660156,7180.560059,2489040000
2018/3/2,7099.540039,7267.189941,7084.830078,7257.870117,2287320000
2018/3/5,7222.890137,7350.069824,7205.310059,7330.709961,2066350000
2018/3/6,7366.609863,7378.029785,7319.680176,7372.009766,2112570000
2018/3/7,7311.740234,7403.790039,7311.740234,7396.649902,2192230000
2018/3/8,7422.77002,7435.009766,7391.5,7427.950195,2272110000
2018/3/9,7475.97998,7560.810059,7469.029785,7560.810059,2302930000
2018/3/12,7581.040039,7609.100098,7563.439941,7588.319824,2294440000
2018/3/13,7627.52002,7637.27002,7492.97998,7511.009766,2448830000
2018/3/14,7539.779785,7544.890137,7473.899902,7496.810059,2104450000
2018/3/15,7509.240234,7525.439941,7463.189941,7481.740234,1991570000
2018/3/16,7504.370117,7514.209961,7473.680176,7481.990234,3046990000
2018/3/19,7419.200195,7421.22998,7285.27002,7344.240234,2324430000
2018/3/20,7353.25,7380.740234,7331.240234,7364.299805,1967690000
2018/3/21,7347.5,7415.660156,7325.350098,7345.290039,1988390000
2018/3/22,7257.549805,7303.189941,7164.379883,7166.680176,2347160000
2018/3/23,7170.680176,7194.310059,6992.669922,6992.669922,2390410000
2018/3/26,7125.200195,7225.830078,7022.339844,7220.540039,2326060000
2018/3/27,7255.470215,7255.540039,6963.680176,7008.810059,2325990000
2018/3/28,6978.299805,7036.089844,6901.069824,6949.22998,2518670000
2018/3/29,6984.660156,7120.459961,6935.779785,7063.450195,2554500000
2018/4/2,7016.169922,7044.709961,6805.959961,6870.120117,2394730000
2018/4/3,6924.350098,6963.709961,6835.22998,6941.279785,2328510000
2018/4/4,6811.77002,7059.290039,6811.77002,7042.109863,2254070000
2018/4/5,7099.25,7112.379883,7036.620117,7076.549805,2124660000
2018/4/6,6999.569824,7066.640137,6877.759766,6915.109863,2350540000
2018/4/9,6971.450195,7074.950195,6944.959961,6950.339844,2080900000
2018/4/10,7060.990234,7117.97998,7014.879883,7094.299805,2238770000
2018/4/11,7055,7128.540039,7055,7069.029785,1852120000
2018/4/12,7112.02002,7166,7105.089844,7140.25,2021110000
2018/4/13,7179.620117,7183.620117,7078.140137,7106.649902,1743640000
2018/4/16,7153.870117,7178.509766,7115.850098,7156.279785,1795950000
2018/4/17,7215.120117,7298.589844,7206.549805,7281.100098,1913230000
2018/4/18,7292.379883,7319.580078,7259.899902,7295.240234,1893220000
2018/4/19,7258.609863,7277.450195,7215.169922,7238.060059,1963950000
2018/4/20,7220.640137,7222.990234,7123.490234,7146.129883,1921790000
2018/4/23,7173.990234,7195.720215,7094.430176,7128.600098,1737370000
2018/4/24,7160.77002,7171.669922,6961.52002,7007.350098,2149250000
2018/4/25,7009.990234,7030.740234,6926.970215,7003.740234,2026690000
2018/4/26,7080.490234,7143.939941,7055.660156,7118.680176,2127140000
2018/4/27,7195.52002,7197.149902,7083.950195,7119.799805,2027530000
2018/4/30,7133.950195,7169.799805,7065.410156,7066.27002,1987020000
2018/5/1,7053.649902,7133.27002,7036.180176,7130.700195,1929110000
2018/5/2,7138.450195,7169.459961,7094.720215,7100.899902,2144200000
2018/5/3,7065.029785,7112.589844,6991.140137,7088.149902,2345740000
2018/5/4,7065.669922,7228.259766,7057.890137,7209.620117,2022230000
2018/5/7,7241.819824,7291.740234,7235.759766,7265.209961,1939980000
2018/5/8,7255.339844,7278.810059,7224.700195,7266.899902,2054830000
2018/5/9,7281.529785,7344.799805,7259.049805,7339.910156,2241480000
2018/5/10,7355.899902,7414.149902,7353.629883,7404.970215,2233460000
2018/5/11,7393.970215,7417.669922,7372.259766,7402.879883,2083030000
2018/5/14,7429.450195,7458.419922,7401.890137,7411.319824,2075670000
2018/5/15,7361.299805,7363.52002,7320.970215,7351.629883,2114040000
2018/5/16,7356.220215,7413.319824,7356.160156,7398.299805,2083660000
2018/5/17,7379.580078,7425.390137,7350.459961,7382.470215,1931700000
2018/5/18,7364.339844,7381.160156,7343.970215,7354.339844,1966710000
2018/5/21,7406.339844,7431.830078,7368.209961,7394.040039,1949100000
2018/5/22,7420.850098,7432.529785,7370.330078,7378.459961,1908280000
2018/5/23,7335.029785,7426.779785,7334.620117,7425.959961,1980450000
2018/5/24,7421.990234,7435.379883,7357.5,7424.430176,1992460000
2018/5/25,7422.200195,7452.850098,7415.580078,7433.850098,1757660000
2018/5/29,7398.509766,7435.129883,7354.290039,7396.589844,2087370000
2018/5/30,7428.410156,7473.810059,7423.669922,7462.450195,2049450000
2018/5/31,7455.580078,7492.419922,7431.410156,7442.120117,2514610000
2018/6/1,7487.660156,7557.379883,7487.22998,7554.330078,2208600000
2018/6/4,7570.080078,7607.169922,7561.200195,7606.459961,2142790000
2018/6/5,7621.359863,7644.47998,7602.379883,7637.859863,2058630000
2018/6/6,7652.799805,7691.649902,7622.310059,7689.240234,2191750000
2018/6/7,7697.410156,7697.410156,7597.660156,7635.069824,2328280000
2018/6/8,7607.740234,7653.580078,7595.140137,7645.509766,1941580000
2018/6/11,7647.240234,7677.290039,7642.870117,7659.930176,1942940000
2018/6/12,7673.870117,7708.25,7669.529785,7703.790039,2006760000
2018/6/13,7713.899902,7748.959961,7686.649902,7695.700195,2172770000
2018/6/14,7723.529785,7768.600098,7723.529785,7761.040039,2188230000
2018/6/15,7725.029785,7755.720215,7704.339844,7746.379883,3043790000
2018/6/18,7692.959961,7749.359863,7676.830078,7747.029785,2093950000
2018/6/19,7658.470215,7727.410156,7635.72998,7725.589844,2269000000
2018/6/20,7764.149902,7806.600098,7755.47998,7781.509766,2305100000
2018/6/21,7800.299805,7803.450195,7699.200195,7712.950195,2315880000
2018/6/22,7739.689941,7739.709961,7679.120117,7692.819824,3928340000
2018/6/25,7631.120117,7639.72998,7477.72998,7532.009766,2415090000
2018/6/26,7553.740234,7597.490234,7527,7561.629883,2058640000
2018/6/27,7586.330078,7610.669922,7444.169922,7445.080078,2306430000
2018/6/28,7438.109863,7526.069824,7419.560059,7503.680176,2195400000
2018/6/29,7544.129883,7573.589844,7502.950195,7510.299805,2192010000
2018/7/2,7451.899902,7568.100098,7443.100098,7567.689941,1767910000
2018/7/3,7593.629883,7594.330078,7498.5,7502.669922,1179310000
2018/7/5,7550.660156,7589.189941,7511.430176,7586.430176,1745030000
2018/7/6,7595.930176,7695.810059,7588.649902,7688.390137,1704580000
2018/7/9,7731.740234,7757.279785,7702.060059,7756.200195,1837330000
2018/7/10,7770.629883,7777.47998,7731.97998,7759.200195,1725210000
2018/7/11,7698.509766,7748.160156,7696.580078,7716.609863,1761420000
2018/7/12,7752.709961,7825.669922,7746.759766,7823.919922,1926110000
2018/7/13,7827.620117,7843.52002,7803.339844,7825.97998,1714140000
2018/7/16,7831.740234,7838.819824,7791.97998,7805.720215,1730190000
2018/7/17,7751.970215,7867.149902,7749.609863,7855.120117,1740680000
2018/7/18,7859.430176,7863.77002,7822.830078,7854.439941,1857670000
2018/7/19,7829.799805,7849.850098,7811.149902,7825.299805,1853030000
2018/7/20,7843.080078,7860.25,7815.859863,7820.200195,1786250000
2018/7/23,7806.930176,7846.759766,7776.549805,7841.870117,1654290000
2018/7/24,7914.350098,7928.790039,7814.330078,7840.77002,2014850000
2018/7/25,7839.089844,7933.310059,7838.759766,7932.240234,1899790000
2018/7/26,7848.040039,7881.299805,7834.080078,7852.180176,2263070000
2018/7/27,7889.75,7889.75,7698.959961,7737.419922,2176170000
2018/7/30,7735.27002,7740.259766,7604.240234,7630,2143410000
2018/7/31,7654.589844,7709.490234,7614.839844,7671.790039,2195050000
2018/8/1,7701.819824,7732.680176,7670.709961,7707.290039,2223550000
2018/8/2,7659.52002,7808.850098,7659.52002,7802.689941,2081300000
2018/8/3,7819.22998,7824.060059,7783.299805,7812.009766,2018700000
2018/8/6,7809.540039,7859.680176,7801.879883,7859.680176,2238170000
2018/8/7,7878.620117,7898.200195,7868.649902,7883.660156,2197590000
2018/8/8,7880,7901.689941,7864.459961,7888.330078,2087850000
2018/8/9,7886.52002,7923.350098,7881.060059,7891.779785,2032950000
2018/8/10,7834.709961,7866.189941,7818.370117,7839.109863,2095180000
2018/8/13,7848,7888.660156,7814.27002,7819.709961,1914240000
2018/8/14,7847.879883,7878.22998,7815.5,7870.890137,1917360000
2018/8/15,7810.02002,7832.660156,7732.689941,7774.120117,2286960000
2018/8/16,7826.950195,7849.669922,7795.740234,7806.52002,1979540000
2018/8/17,7786.640137,7830.779785,7752.680176,7816.330078,1843150000
2018/8/20,7834.370117,7837.140137,7787.899902,7821.009766,1698970000
2018/8/21,7840.089844,7897.680176,7836.790039,7859.169922,1766630000
2018/8/22,7844.040039,7897.629883,7840.839844,7889.100098,1660460000
2018/8/23,7886.470215,7926.319824,7866.529785,7878.459961,1879890000
2018/8/24,7907.810059,7949.709961,7907.100098,7945.97998,1886600000
2018/8/27,7989.640137,8024.939941,7976.600098,8017.899902,2319130000
2018/8/28,8039.009766,8046.310059,8009.589844,8030.040039,1961300000
2018/8/29,8044.339844,8113.560059,8042.100098,8109.689941,1897000000
2018/8/30,8094.200195,8133.299805,8069.569824,8088.359863,2014450000
2018/8/31,8079.310059,8119.819824,8079.310059,8109.540039,1899910000
2018/9/4,8087.950195,8104.069824,8042.140137,8091.25,2229520000
2018/9/5,8073.529785,8077.839844,7962.350098,7995.169922,2596780000
2018/9/6,7998.27002,8001.970215,7885.490234,7922.72998,2368680000
2018/9/7,7878.790039,7962.529785,7873.930176,7902.540039,2146380000
2018/9/10,7939.569824,7945.029785,7890.390137,7924.160156,2041450000
2018/9/11,7894.870117,7986.319824,7880.919922,7972.470215,2320190000
2018/9/12,7958.870117,7965.390137,7884.049805,7954.22998,2341850000
2018/9/13,7999.930176,8037.509766,7989.850098,8013.709961,2318720000
2018/9/14,8026.160156,8040.830078,7979.779785,8010.040039,2033720000
2018/9/17,7992.209961,8002.779785,7890.069824,7895.790039,2284140000
2018/9/18,7903.569824,7986.100098,7901.009766,7956.109863,2317990000
2018/9/19,7962.549805,7976.120117,7917.72998,7950.040039,2156730000
2018/9/20,7993.529785,8039.060059,7986.410156,8028.22998,2287150000
2018/9/21,8041.689941,8057.259766,7979.669922,7986.959961,3706820000
2018/9/24,7939.379883,7997.899902,7912.470215,7993.25,2416380000
2018/9/25,8001.589844,8014.120117,7979.290039,8007.470215,2288140000
2018/9/26,8011.680176,8067.029785,7982.759766,7990.370117,2297030000
2018/9/27,8021.220215,8071.560059,8017.910156,8041.970215,2053770000
2018/9/28,8024.5,8065.060059,8015.870117,8046.350098,2323940000
2018/10/1,8091.5,8107.379883,8019.77002,8037.299805,2283230000
2018/10/2,8024.470215,8054.149902,7983.990234,7999.549805,2391370000
2018/10/3,8034.649902,8053.930176,8012.029785,8025.089844,3047330000
2018/10/4,7993.330078,7997.169922,7833.160156,7879.509766,3274550000
2018/10/5,7874.759766,7902.669922,7715.970215,7788.450195,2672900000
2018/10/8,7747.100098,7797.319824,7654.839844,7735.950195,2239640000
2018/10/9,7728.509766,7799.75,7718.950195,7738.02002,2459040000
2018/10/10,7694.080078,7701.200195,7420.560059,7422.049805,3077330000
2018/10/11,7388.069824,7493.209961,7274.040039,7329.060059,3139290000
2018/10/12,7507.839844,7516.689941,7368.330078,7496.890137,2650290000
2018/10/15,7473.330078,7500.930176,7400.069824,7430.740234,2148850000
2018/10/16,7501.779785,7658.140137,7493.439941,7645.490234,2623300000
2018/10/17,7669.259766,7670.490234,7563.089844,7642.700195,2364720000
2018/10/18,7616.470215,7616.859863,7452.459961,7485.140137,2545950000
2018/10/19,7530.160156,7582.890137,7428.299805,7449.029785,2532220000
2018/10/22,7486.740234,7520.540039,7424.740234,7468.629883,2282400000
2018/10/23,7328.549805,7472.580078,7260.129883,7437.540039,2735820000
2018/10/24,7423.209961,7435.689941,7099,7108.399902,2935550000
2018/10/25,7197.490234,7364.819824,7178.540039,7318.339844,2741810000
2018/10/26,7125.180176,7283.319824,7057,7167.209961,2964780000
2018/10/29,7272.419922,7295.609863,6922.830078,7050.290039,2689550000
2018/10/30,7017.870117,7166.839844,7001.47998,7161.649902,2681310000
2018/10/31,7276.620117,7368.490234,7270.629883,7305.899902,2899730000
2018/11/1,7327.819824,7435.879883,7286.5,7434.060059,2708880000
2018/11/2,7424.02002,7466.529785,7298.680176,7356.990234,2889910000
2018/11/5,7344.080078,7349.22998,7255.879883,7328.850098,2166470000
2018/11/6,7326.069824,7400.640137,7320.890137,7375.959961,2285680000
2018/11/7,7446.089844,7572.930176,7435.870117,7570.75,2677530000
2018/11/8,7544.169922,7566.930176,7499.709961,7530.879883,2462430000
2018/11/9,7468.509766,7474.339844,7349.47998,7406.899902,2418490000
2018/11/12,7364.049805,7371.089844,7193.77002,7200.870117,2283070000
2018/11/13,7230.689941,7319.120117,7182.859863,7200.870117,2343940000
2018/11/14,7265.390137,7285.569824,7101.169922,7136.390137,2540220000
2018/11/15,7112.830078,7274.259766,7072.359863,7259.029785,2508720000
